Date,Open,High,Low,Close,Volume
2010-01-14,111.51,112.37,110.79,112.03,18305238.0
2010-01-15,111.35,112.01,110.38,110.86,18000724.0
2010-01-19,110.95,111.75,110.83,111.52,10467927.0
2010-01-20,109.97,110.05,108.46,108.94,17534231.0
2010-01-21,108.48,108.78,106.61,107.37,25747831.0
2010-01-22,106.93,107.68,106.01,107.17,24209966.0
2010-01-25,107.44,107.72,107.07,107.48,13170442.0
2010-01-26,106.87,107.99,106.75,107.56,12274165.0
2010-01-27,107.53,108.8,106.16,106.528,18991219.0
2010-01-28,107.18,107.23,105.18,106.48,16792253.0
2010-01-29,105.88,106.3,105.27,105.96,20278800.0
2010-02-01,106.64,108.48,106.37,108.35,14872885.0
2010-02-02,109.16,109.6,108.61,109.13,14292066.0
2010-02-03,109.1,109.54,108.4305,108.7,13376745.0
2010-02-04,106.79,106.8,103.75,104.37,39962209.0
2010-02-05,103.76,104.68,102.28,104.68,32656665.0
2010-02-08,104.41,105.14,104.0,104.04,17176296.0
2010-02-09,105.18,106.15,104.87,105.41,25959174.0
2010-02-10,105.13,105.5,104.11,105.12,16214398.0
2010-02-11,105.58,107.56,105.27,107.13,19332173.0
2010-02-12,106.08,107.1,105.57,107.04,14464157.0
2010-02-16,109.45,109.87,109.1,109.62,20894637.0
2010-02-17,109.66,110.01,108.87,109.25,19506091.0
2010-02-18,109.61,110.11,109.19,109.98,18988709.0
2010-02-19,109.3,110.39,108.81,109.47,21928676.0
2010-02-22,109.86,109.97,108.66,109.07,10742292.0
2010-02-23,108.84,108.91,107.65,107.89,13628999.0
2010-02-24,107.33,108.16,107.1,107.36,17176088.0
2010-02-25,106.7,108.7,106.6,108.31,23345653.0
2010-02-26,108.89,109.6,108.41,109.43,13033728.0
2010-03-01,109.48,109.9,108.97,109.43,12811556.0
2010-03-02,109.86,111.45,109.86,111.02,20102189.0
2010-03-03,111.46,112.18,111.1763,111.63,16194423.0
2010-03-04,111.25,111.37,110.22,110.83,12944030.0
2010-03-05,111.13,111.75,110.8,110.81,11091383.0
2010-03-08,111.22,111.3,109.52,109.88,12752302.0
2010-03-09,109.16,110.16,109.04,109.718,12649802.0
2010-03-10,109.94,110.5,108.02,108.47,21972932.0
2010-03-11,108.28,108.65,107.86,108.6,9516603.0
2010-03-12,108.56,108.77,107.45,107.95,11848993.0
2010-03-15,108.16,108.56,107.82,108.36,7698073.0
2010-03-16,110.02,110.57,109.7,110.4,17748979.0
2010-03-17,110.18,110.46,109.55,109.59,13784291.0
2010-03-18,110.1,110.61,109.5,110.34,13848221.0
2010-03-19,110.26,110.29,107.85,108.28,24328131.0
2010-03-22,107.31,108.0,106.95,107.75,11579075.0
2010-03-23,107.5,108.5,107.34,108.32,11273395.0
2010-03-24,106.94,107.07,106.24,106.3,14235437.0
2010-03-25,107.0,107.25,106.48,106.78,16863466.0
2010-03-26,107.16,108.7,106.82,108.59,17433561.0
2010-03-29,108.87,109.17,108.4,108.75,11526946.0
2010-03-30,108.57,108.6615,107.87,107.97,9816459.0
2010-03-31,109.44,109.5,108.85,108.95,13996074.0
2010-04-01,109.97,110.47,109.92,110.26,11370417.0
2010-04-05,110.56,110.9837,110.27,110.89,8207564.0
2010-04-06,110.89,111.51,110.83,111.03,10321993.0
2010-04-07,111.85,112.93,111.77,112.49,19127617.0
2010-04-08,112.47,112.98,112.13,112.65,12444414.0
2010-04-09,113.09,114.07,112.74,113.64,16427638.0
2010-04-12,113.64,114.13,112.98,113.01,11118097.0
2010-04-13,113.12,113.16,112.06,112.69,10983964.0
2010-04-14,113.23,113.66,112.78,113.03,10573838.0
2010-04-15,112.9,113.71,112.85,113.65,10952007.0
2010-04-16,112.5,113.07,110.54,111.24,24573703.0
2010-04-19,110.8801,111.36,110.67,111.15,7992945.0
2010-04-20,111.73,112.21,111.33,111.46,7019709.0
2010-04-21,111.82,112.64,111.48,112.31,6842860.0
2010-04-22,111.79,112.01,110.76,111.84,9595888.0
2010-04-23,111.26,113.3,111.09,113.19,12505783.0
2010-04-26,112.88,113.2,112.63,112.75,8335304.0
2010-04-27,112.43,114.82,112.34,114.63,25029675.0
2010-04-28,114.63,114.99,113.63,114.31,26887493.0
2010-04-29,113.85,114.52,113.84,114.28,10372696.0
2010-04-30,115.26,115.7,115.21,115.36,13402990.0
2010-05-03,115.91,116.28,115.53,115.73,13567838.0
2010-05-04,116.39,116.43,114.17,114.87,21511407.0
2010-05-05,113.58,115.24,113.312,115.09,21600198.0
2010-05-06,115.62,118.62,115.57,118.486,50461171.0
2010-05-07,117.64,118.88,116.74,118.27,34271876.0
2010-05-10,117.5,117.9,116.8101,117.57,28412585.0
2010-05-11,119.46,120.87,118.97,120.656,36666611.0
2010-05-12,121.28,122.235,120.7685,121.4,32634048.0
2010-05-13,121.29,121.71,120.1,120.56,22315901.0
2010-05-14,121.88,122.02,119.12,120.37,34643090.0
2010-05-17,120.55,121.12,119.29,119.36,27849317.0
2010-05-18,118.86,120.32,118.5,119.49,26455986.0
2010-05-19,118.19,118.43,116.08,116.63,34384210.0
2010-05-20,116.14,116.95,115.18,115.84,28877369.0
2010-05-21,115.05,116.24,114.51,115.22,20082971.0
2010-05-24,116.34,117.17,116.04,116.84,14295493.0
2010-05-25,117.16,117.52,116.82,117.36,21218157.0
2010-05-26,118.58,119.08,118.32,118.47,13138576.0
2010-05-27,118.16,119.038,118.14,118.69,10412960.0
2010-05-28,118.48,118.9,117.63,118.881,11578891.0
2010-06-01,119.88,120.25,119.63,119.91,12176717.0
2010-06-02,119.35,119.88,118.72,119.78,10339044.0
2010-06-03,119.16,119.39,117.48,117.96,13855163.0
2010-06-04,117.96,119.39,117.05,119.19,16532333.0
2010-06-07,118.73,121.8,118.62,121.49,20231596.0
2010-06-08,121.61,122.45,120.66,121.0025,23400996.0
2010-06-09,120.48,120.99,119.51,120.56,12866478.0
2010-06-10,119.36,120.04,118.83,118.975,13675071.0
2010-06-11,119.88,120.41,119.33,120.01,7829320.0
2010-06-14,119.63,120.26,118.96,119.6,10988560.0
2010-06-15,119.71,121.03,119.48,120.99,15070733.0
2010-06-16,120.68,120.89,120.04,120.33,10498592.0
2010-06-17,121.6398,122.41,121.49,121.9,19790690.0
2010-06-18,123.04,123.5,122.81,122.83,19429697.0
2010-06-21,123.09,123.11,120.36,120.39,20001871.0
2010-06-22,121.16,121.59,120.87,121.45,12937595.0
2010-06-23,120.89,121.02,119.77,120.95,14119994.0
2010-06-24,120.76,122.1601,120.67,121.3,13122710.0
2010-06-25,122.75,123.13,122.49,122.76,9986564.0
2010-06-28,122.79,123.56,120.81,121.09,19647916.0
2010-06-29,121.05,121.82,119.03,121.27,17317746.0
2010-06-30,121.07,122.09,120.88,121.68,11980059.0
2010-07-01,120.91,121.03,116.98,117.04,33228085.0
2010-07-02,118.21,118.5,117.41,118.49,14729648.0
2010-07-06,117.6698,117.72,116.3,116.51,16845366.0
2010-07-07,116.57,117.78,116.5,117.73,10927517.0
2010-07-08,117.39,117.41,116.1,117.21,11310778.0
2010-07-09,118.14,118.73,118.0,118.36,9596697.0
2010-07-12,117.83,118.2,116.97,117.34,7502255.0
2010-07-13,118.98,119.1,118.36,118.36,8416028.0
2010-07-14,118.26,119.13,117.59,118.3,9573380.0
2010-07-15,118.59,118.7,117.73,118.23,8586363.0
2010-07-16,116.69,116.79,115.95,116.67,17493011.0
2010-07-19,115.57,115.8041,115.11,115.73,15712029.0
2010-07-20,115.75,116.74,115.48,116.65,9251882.0
2010-07-21,116.8,117.0,115.71,115.85,9396016.0
2010-07-22,115.95,117.5,115.91,116.863,8159175.0
2010-07-23,117.12,117.47,115.79,116.09,8336529.0
2010-07-26,116.38,116.47,115.3,115.52,11213045.0
2010-07-27,114.95,114.99,113.21,113.51,29523426.0
2010-07-28,113.48,113.93,113.08,113.78,16071445.0
2010-07-29,113.54,114.35,113.34,114.288,9476248.0
2010-07-30,114.36,115.73,114.08,115.49,10093137.0
2010-08-02,116.12,116.39,115.2,115.54,8452177.0
2010-08-03,115.88,116.44,115.81,115.99,5579073.0
2010-08-04,117.41,117.65,116.65,116.72,10322481.0
2010-08-05,117.01,117.1,116.35,116.98,7022319.0
2010-08-06,117.99,118.42,117.49,117.84,10000856.0
2010-08-09,117.76,117.85,117.23,117.4,6750535.0
2010-08-10,116.59,118.09,116.4,117.73,10431789.0
2010-08-11,117.74,118.14,116.58,117.34,12387514.0
2010-08-12,118.56,118.86,118.46,118.77,12312125.0
2010-08-13,118.82,118.89,118.36,118.74,10213130.0
2010-08-16,119.7,119.825,119.46,119.73,8947727.0
2010-08-17,119.75,119.97,119.6,119.75,9109248.0
2010-08-18,119.23,120.51,119.0,120.22,12098953.0
2010-08-19,120.65,120.99,120.11,120.39,10009095.0
2010-08-20,119.97,120.07,119.45,119.97,10681939.0
2010-08-23,119.91,120.07,119.42,119.78,4857217.0
2010-08-24,118.77,120.8,118.71,120.36,14794874.0
2010-08-25,121.1199,121.38,120.67,121.36,13984786.0
2010-08-26,121.09,122.95,120.5,120.96,8886493.0
2010-08-27,121.2,121.45,120.42,121.01,11155353.0
2010-08-30,120.85,121.0598,120.58,120.91,4390826.0
2010-08-31,121.77,122.19,121.46,122.08,12246050.0
2010-09-01,122.15,122.21,121.43,121.69,11873281.0
2010-09-02,122.38,122.48,121.89,122.29,6989586.0
2010-09-03,121.39,122.385,121.15,121.86,9074405.0
2010-09-07,122.91,123.06,122.63,122.7,8777450.0
2010-09-08,122.82,123.42,122.6,122.71,9788861.0
2010-09-09,122.44,122.88,121.38,121.56,13744811.0
2010-09-10,121.4,122.3,121.39,121.73,12509844.0
2010-09-13,121.63,122.11,121.39,121.62,9677262.0
2010-09-14,122.92,124.59,121.5489,124.024,26543253.0
2010-09-15,123.97,124.29,123.435,123.94,11508237.0
2010-09-16,124.5,124.77,124.19,124.63,12659828.0
2010-09-17,125.03,125.03,124.27,124.5425,11819185.0
2010-09-20,125.09,125.45,124.778,124.87,8475000.0
2010-09-21,124.77,126.17,124.16,126.01,20262681.0
2010-09-22,126.58,126.63,125.7,126.2,11041742.0
2010-09-23,126.2,126.66,125.81,126.3,9315752.0
2010-09-24,126.91,127.0001,126.3,126.69,14944331.0
2010-09-27,126.9,126.91,126.48,126.72,6667402.0
2010-09-28,126.42,128.03,126.11,127.85,19846871.0
2010-09-29,127.93,128.2399,127.52,127.95,12326623.0
2010-09-30,128.15,128.28,126.61,127.91,19197476.0
2010-10-01,128.72,129.07,127.91,128.91,17209253.0
2010-10-04,128.52,128.62,128.22,128.46,8349718.0
2010-10-05,130.11,131.12,129.87,130.99,17461689.0
2010-10-06,131.45,131.86,131.34,131.81,16122202.0
2010-10-07,132.6,132.67,129.51,130.37,38657374.0
2010-10-08,130.78,131.88,130.47,131.66,18693007.0
2010-10-11,131.28,132.33,130.98,132.292,10618516.0
2010-10-12,132.06,132.21,131.36,131.96,13287032.0
2010-10-13,132.73,134.31,132.63,134.07,18381303.0
2010-10-14,134.06,134.85,133.9,134.75,26864886.0
2010-10-15,134.24,134.46,133.07,133.68,26168522.0
2010-10-18,133.46,134.34,133.16,134.28,12286205.0
2010-10-19,130.46,131.59,129.75,130.11,25301949.0
2010-10-20,130.36,131.65,130.32,131.32,12541076.0
2010-10-21,131.08,131.59,128.72,129.47,21802611.0
2010-10-22,129.47,129.75,128.97,129.73,11884338.0
2010-10-25,131.16,131.38,130.21,130.85,12151180.0
2010-10-26,129.99,131.14,129.73,130.88,10689840.0
2010-10-27,129.93,130.0,128.79,129.52,16116771.0
2010-10-28,130.36,131.5,129.84,131.24,15888662.0
2010-10-29,131.48,132.82,131.06,132.62,14334824.0
2010-11-01,132.85,133.07,131.76,131.92,12383311.0
2010-11-02,132.44,132.59,131.88,132.49,9395864.0
2010-11-03,132.28,132.52,129.48,131.57,31701230.0
2010-11-04,134.64,136.13,134.24,136.03,23456494.0
2010-11-05,135.14,136.61,134.95,136.38,20342446.0
2010-11-08,135.92,137.79,135.53,137.78,17341958.0
2010-11-09,138.7,139.15,135.05,135.59,39352133.0
2010-11-10,137.03,137.28,135.15,137.24,28468079.0
2010-11-11,137.62,137.75,136.45,137.66,15380502.0
2010-11-12,135.89,136.3062,132.821,133.69,35885400.0
2010-11-15,133.86,134.49,132.39,132.42,15057742.0
2010-11-16,132.24,132.38,129.83,130.968,32474368.0
2010-11-17,130.77,131.37,130.13,130.38,16387010.0
2010-11-18,131.82,132.78,131.55,132.088,15976049.0
2010-11-19,131.48,132.35,131.01,132.2,14145983.0
2010-11-22,132.13,133.6,131.69,133.48,13079884.0
2010-11-23,133.6,135.07,133.46,134.41,18200063.0
2010-11-24,134.36,134.7,133.74,134.18,8857951.0
2010-11-26,132.38,133.16,131.93,133.11,7823118.0
2010-11-29,133.19,133.75,132.33,133.508,13965720.0
2010-11-30,135.21,135.75,134.78,135.42,17460968.0
2010-12-01,135.71,136.14,134.96,135.38,16816823.0
2010-12-02,135.62,136.59,135.15,135.2,17566933.0
2010-12-03,136.62,138.11,136.48,138.07,16517101.0
2010-12-06,138.14,139.46,137.73,139.11,15602627.0
2010-12-07,139.455,139.54,136.46,136.5,26487681.0
2010-12-08,135.91,136.29,133.88,134.79,23462228.0
2010-12-09,135.69,136.16,134.88,135.37,14146730.0
2010-12-10,134.94,135.48,133.95,135.408,11937769.0
2010-12-13,136.26,136.64,135.86,136.05,13341421.0
2010-12-14,136.27,137.21,135.86,136.18,17430686.0
2010-12-15,135.34,135.93,134.68,134.7,15069868.0
2010-12-16,134.21,134.23,132.86,133.81,23460453.0
2010-12-17,133.97,134.63,133.22,134.2,17212910.0
2010-12-20,135.13,135.44,134.33,135.11,13126976.0
2010-12-21,135.17,135.7775,134.79,135.32,10234535.0
2010-12-22,135.6,135.7,134.97,135.05,7299070.0
2010-12-23,134.26,134.9,133.93,134.66,8700716.0
2010-12-27,134.96,135.06,134.49,135.02,3436095.0
2010-12-28,136.85,137.34,136.62,137.22,10110290.0
2010-12-29,137.38,138.05,137.19,137.71,8442221.0
2010-12-30,137.58,137.71,136.94,137.03,5749267.0
2010-12-31,137.78,138.77,137.72,138.72,9219740.0
2011-01-03,138.67,139.0,137.88,138.0,11498235.0
2011-01-04,136.24,136.28,134.16,134.75,26125796.0
2011-01-05,133.5,134.68,133.1,134.37,16674993.0
2011-01-06,134.05,134.38,133.14,133.83,15964919.0
2011-01-07,133.38,134.61,133.18,133.58,16761303.0
2011-01-10,133.85,134.2,133.24,134.12,8417705.0
2011-01-11,134.79,135.16,133.96,134.91,10265490.0
2011-01-12,134.79,135.58,134.35,135.46,10783204.0
2011-01-13,135.66,135.68,133.63,134.05,14291846.0
2011-01-14,133.17,133.6,132.22,132.69,21224879.0
2011-01-18,133.625,134.0,133.17,133.43,11592457.0
2011-01-19,134.34,134.4,133.4,133.72,11786095.0
2011-01-20,131.76,132.1,131.04,131.2,24343966.0
2011-01-21,130.76,131.43,130.53,131.03,19488249.0
2011-01-24,131.01,131.63,130.14,130.36,15112964.0
2011-01-25,129.65,130.27,129.07,130.1,22219658.0
2011-01-26,129.83,131.17,129.28,131.16,20539873.0
2011-01-27,130.29,130.49,127.8,127.925,33026873.0
2011-01-28,127.97,131.4762,127.95,130.28,28089733.0
2011-01-31,129.27,130.51,129.25,129.87,14664022.0
2011-02-01,130.52,131.08,129.33,130.8,15363517.0
2011-02-02,130.37,130.6,129.4536,130.45,10081693.0
2011-02-03,130.07,132.32,129.28,132.2,17372959.0
2011-02-04,131.84,132.7,131.23,131.66,15214060.0
2011-02-07,131.67,131.95,131.23,131.68,7174510.0
2011-02-08,132.96,133.5,132.8,133.14,16220884.0
2011-02-09,133.19,133.39,132.489,133.07,10177059.0
2011-02-10,132.11,133.31,132.0,132.85,8080214.0
2011-02-11,133.01,133.44,132.09,132.3225,9888517.0
2011-02-14,132.95,133.38,132.7,132.95,8693609.0
2011-02-15,133.8599,134.17,133.63,133.97,10110840.0
2011-02-16,134.23,134.86,133.45,134.1,12822786.0
2011-02-17,134.74,135.16,134.47,135.04,11320442.0
2011-02-18,135.17,135.8,134.882,135.41,15890019.0
2011-02-22,136.92,137.22,136.19,136.29,16670858.0
2011-02-23,136.97,138.2,136.92,137.51,15685505.0
2011-02-24,138.04,138.14,135.73,136.48,18774921.0
2011-02-25,137.22,137.74,136.77,137.384,10351389.0
2011-02-28,137.65,138.14,137.03,137.661,8844132.0
2011-03-01,138.57,140.03,138.49,140.03,17396501.0
2011-03-02,140.24,140.55,139.48,139.917,15719715.0
2011-03-03,138.81,139.13,137.57,138.09,16484937.0
2011-03-04,138.63,139.75,138.61,139.35,17454570.0
2011-03-07,140.29,140.61,139.28,139.721,14066633.0
2011-03-08,139.65,139.66,138.83,139.36,10711140.0
2011-03-09,139.92,139.95,138.94,139.41,8723222.0
2011-03-10,138.5,138.5,136.845,137.77,15556080.0
2011-03-11,137.285,138.93,137.18,138.22,10417098.0
2011-03-14,139.33,139.55,138.61,138.86,10236747.0
2011-03-15,135.35,136.94,135.23,136.27,23453561.0
2011-03-16,136.52,137.2,135.8,136.24,13317685.0
2011-03-17,136.56,137.08,136.25,136.97,9117018.0
2011-03-18,138.14,138.83,137.76,138.37,18601961.0
2011-03-21,139.5,139.91,138.97,139.14,13740287.0
2011-03-22,138.88,139.36,138.67,139.05,9553520.0
2011-03-23,139.61,140.55,139.55,140.34,11528280.0
2011-03-24,140.2742,141.28,138.83,139.22,16997216.0
2011-03-25,140.0,140.24,138.66,139.26,13190848.0
2011-03-28,137.8199,138.83,137.78,138.54,7653556.0
2011-03-29,138.21,138.82,137.94,138.21,6343740.0
2011-03-30,139.07,139.18,137.68,138.67,10748968.0
2011-03-31,140.08,140.4,139.78,139.86,15223648.0
2011-04-01,138.65,139.55,137.72,139.2,15738269.0
2011-04-04,140.13,140.26,139.45,139.84,9669202.0
2011-04-05,139.58,142.09,139.52,142.05,18294687.0
2011-04-06,142.4,142.62,141.77,142.38,10708151.0
2011-04-07,142.23,142.89,141.8,142.51,9486480.0
2011-04-08,143.34,143.84,142.97,143.66,13127225.0
2011-04-11,143.28,143.49,142.28,142.64,10105348.0
2011-04-12,142.74,142.82,140.75,141.61,14947535.0
2011-04-13,142.3894,142.53,141.48,141.9,13884260.0
2011-04-14,142.35,143.83,142.23,143.81,14086503.0
2011-04-15,143.85,145.12,143.57,145.05,19114034.0
2011-04-18,145.21,146.07,144.63,145.93,17332532.0
2011-04-19,145.73,146.24,145.18,145.93,10948688.0
2011-04-20,146.37,146.84,145.74,146.5,13892104.0
2011-04-21,146.57,147.06,146.32,146.74,10110983.0
2011-04-25,147.57,147.58,146.42,146.87,15578333.0
2011-04-26,146.47,146.62,145.48,146.38,16220533.0
2011-04-27,147.38,149.21,146.52,149.2,21911880.0
2011-04-28,149.3,150.0,148.6,149.82,20752909.0
2011-04-29,149.9,153.03,149.75,152.37,27598134.0
2011-05-02,151.46,153.61,150.36,150.414,23793105.0
2011-05-03,150.43,150.97,148.85,149.88,24195471.0
2011-05-04,149.86,150.34,146.76,147.73,35096771.0
2011-05-05,146.82,147.58,142.55,143.47,51242712.0
2011-05-06,145.24,146.09,144.4,145.3,24181636.0
2011-05-09,146.67,147.58,146.34,147.38,13840318.0
2011-05-10,147.19,148.19,146.93,147.9,11273530.0
2011-05-11,147.24,147.35,145.77,146.54,21376959.0
2011-05-12,145.88,147.12,144.96,146.59,18700722.0
2011-05-13,146.72,147.28,144.49,145.63,17268691.0
2011-05-16,145.88,146.67,145.19,145.37,10062985.0
2011-05-17,144.23,144.78,143.42,144.74,17177859.0
2011-05-18,145.55,146.22,145.14,145.6,10502691.0
2011-05-19,145.12,145.85,144.86,145.65,8087993.0
2011-05-20,145.82,147.78,144.9,147.49,23187840.0
2011-05-23,147.04,147.95,146.97,147.83,15936925.0
2011-05-24,148.48,149.05,148.18,148.59,14934126.0
2011-05-25,148.72,149.37,148.52,148.58,10969969.0
2011-05-26,148.45,148.61,147.59,148.22,9784977.0
2011-05-27,149.02,149.92,148.96,149.7,10186194.0
2011-05-31,149.88,150.165,149.41,149.64,10499230.0
2011-06-01,149.66,151.13,149.43,149.91,18348689.0
2011-06-02,150.15,150.38,148.07,149.5,13552553.0
2011-06-03,150.28,150.66,149.62,150.22,12605360.0
2011-06-06,150.82,151.45,150.21,150.48,11469957.0
2011-06-07,150.67,150.85,149.68,150.42,10133950.0
2011-06-08,150.02,150.38,149.3,149.81,9572300.0
2011-06-09,150.01,151.02,149.75,150.56,7639520.0
2011-06-10,149.04,149.78,148.69,149.24,12344506.0
2011-06-13,148.6601,149.04,147.19,147.77,12989053.0
2011-06-14,147.7,148.73,147.478,148.67,10934027.0
2011-06-15,148.16,149.55,147.92,149.12,14487350.0
2011-06-16,148.83,149.49,148.22,148.97,11019136.0
2011-06-17,148.87,150.29,148.83,149.94,19204084.0
2011-06-20,150.0799,150.79,149.582,150.03,10449500.0
2011-06-21,150.26,150.87,150.18,150.76,12431765.0
2011-06-22,151.01,151.86,150.56,150.99,14104841.0
2011-06-23,148.6701,148.84,147.26,148.339,24853884.0
2011-06-24,147.86,148.025,145.97,146.26,19301030.0
2011-06-27,145.93,146.4,145.2,145.73,11600182.0
2011-06-28,146.16,146.77,145.67,146.24,8803101.0
2011-06-29,146.77,147.42,146.44,147.18,12623248.0
2011-06-30,147.18,147.41,145.98,146.001,12656969.0
2011-07-01,144.76,145.07,143.97,144.93,16364459.0
2011-07-05,146.96,147.82,146.85,147.63,11277869.0
2011-07-06,148.7,149.44,148.58,148.91,14501588.0
2011-07-07,148.97,149.35,148.29,149.15,9520864.0
2011-07-08,150.32,150.5,149.99,150.25,13662284.0
2011-07-11,151.33,151.69,150.2,151.59,20441788.0
2011-07-12,151.24,153.32,150.77,152.77,24032552.0
2011-07-13,153.7599,154.71,153.58,154.14,26299503.0
2011-07-14,154.81,155.24,153.95,154.54,17612468.0
2011-07-15,154.34,155.29,154.22,155.2,18447614.0
2011-07-18,155.76,156.58,155.67,156.57,17114059.0
2011-07-19,156.32,156.32,154.1,154.66,22867950.0
2011-07-20,154.22,156.02,154.111,156.02,14557958.0
2011-07-21,155.91,156.04,154.33,154.83,19990980.0
2011-07-22,156.0,156.56,155.68,156.12,11334695.0
2011-07-25,157.6,157.8,156.72,157.34,13020220.0
2011-07-26,156.97,157.79,156.6,157.77,11733682.0
2011-07-27,158.47,158.6369,156.69,157.19,18291629.0
2011-07-28,157.54,157.6,156.11,157.32,11363431.0
2011-07-29,158.43,159.25,157.68,158.29,17118748.0
2011-08-01,157.4701,158.97,156.78,157.72,14812573.0
2011-08-02,159.3299,161.62,158.969,161.52,24237100.0
2011-08-03,162.36,162.86,161.34,161.49,27796014.0
2011-08-04,163.61,163.87,159.68,160.64,40355277.0
2011-08-05,161.64,162.37,160.48,161.75,24554606.0
2011-08-08,165.48,167.61,164.76,167.119,42936663.0
2011-08-09,169.93,173.15,167.48,168.61,55694511.0
2011-08-10,172.46,175.13,171.62,174.58,44389860.0
2011-08-11,172.28,172.34,168.65,170.75,49787230.0
2011-08-12,169.57,170.06,167.77,169.97,29219279.0
2011-08-15,169.32,171.91,168.95,171.8,17791335.0
2011-08-16,172.6,174.07,172.5,173.92,19627868.0
2011-08-17,173.87,174.68,173.25,174.42,16463137.0
2011-08-18,177.15,178.1,176.41,177.72,25477099.0
2011-08-19,181.64,181.67,178.91,179.95,34397928.0
2011-08-22,181.9499,184.82,181.6,184.59,27352750.0
2011-08-23,182.245,183.82,177.5,177.67,55218922.0
2011-08-24,177.9,178.31,170.31,171.646,70462438.0
2011-08-25,167.0,172.81,165.88,172.36,43229175.0
2011-08-26,173.57,177.55,171.75,177.47,38658177.0
2011-08-29,175.945,176.01,172.88,173.89,25212442.0
2011-08-30,177.7,179.31,176.66,179.1,23398408.0
2011-08-31,177.73,179.16,176.33,177.72,16050857.0
2011-09-01,177.44,178.26,176.55,177.87,13894466.0
2011-09-02,182.8199,183.51,182.1,183.238,19909444.0
2011-09-06,184.58,185.85,181.31,182.9,30207480.0
2011-09-07,176.19,178.09,174.45,177.08,30729085.0
2011-09-08,181.39,182.12,179.77,181.81,20695193.0
2011-09-09,179.76,181.95,179.17,180.7,25429192.0
2011-09-12,178.49,178.99,175.33,176.67,21788441.0
2011-09-13,177.52,179.54,176.29,178.54,17223091.0
2011-09-14,177.55,177.78,176.05,177.21,18098280.0
2011-09-15,174.61,174.85,172.56,174.4,20875554.0
2011-09-16,173.72,177.4,173.71,176.03,20693541.0
2011-09-19,176.83,176.86,172.2,173.31,18218594.0
2011-09-20,173.18,176.37,172.84,175.78,12661057.0
2011-09-21,174.79,176.73,173.14,173.59,16405264.0
2011-09-22,169.3,170.32,167.48,169.05,32455460.0
2011-09-23,164.51,165.72,158.55,159.8,52977111.0
2011-09-26,157.12,158.8,154.19,157.58,42320511.0
2011-09-27,161.61,162.29,159.91,160.63,25077257.0
2011-09-28,160.73,161.29,155.56,156.22,21932619.0
2011-09-29,158.12,158.2,156.14,157.7,17223568.0
2011-09-30,157.3,160.0,156.33,158.06,16769046.0
2011-10-03,161.09,161.56,159.93,160.96,14105979.0
2011-10-04,160.95,161.03,155.27,157.644,24023515.0
2011-10-05,158.01,160.32,156.4355,159.46,15127963.0
2011-10-06,160.02,161.11,158.77,160.49,12386047.0
2011-10-07,161.02,161.58,158.23,159.18,12977372.0
2011-10-10,162.05,163.32,161.14,163.266,8936828.0
2011-10-11,162.21,162.51,161.2133,162.1,8253929.0
2011-10-12,163.7,164.0,162.5,163.26,10866834.0
2011-10-13,162.3,162.48,160.82,162.3,8327056.0
2011-10-14,163.33,163.82,162.25,163.4,9737804.0
2011-10-17,164.0,164.16,161.95,162.62,8752014.0
2011-10-18,159.96,162.03,158.303,161.84,15363273.0
2011-10-19,161.09,161.43,159.55,159.87,8520672.0
2011-10-20,157.62,158.42,156.05,157.77,17343438.0
2011-10-21,159.99,160.45,158.94,159.52,13334206.0
2011-10-24,160.55,161.33,160.22,161.02,10174003.0
2011-10-25,161.24,166.34,160.4088,165.59,22086538.0
2011-10-26,167.03,168.05,166.42,167.4,17085909.0
2011-10-27,167.59,170.29,166.65,169.94,15879731.0
2011-10-28,169.64,169.94,168.75,169.62,9362855.0
2011-10-31,167.76,168.16,166.91,167.34,8431542.0
2011-11-01,164.03,167.41,163.61,167.38,15313594.0
2011-11-02,168.59,169.7386,167.3,169.06,14523008.0
2011-11-03,171.17,172.04,169.9,171.72,17563490.0
2011-11-04,171.03,171.34,170.16,170.85,11059795.0
2011-11-07,172.85,175.0,172.71,174.98,20123562.0
2011-11-08,174.35,175.46,172.9,173.53,16053116.0
2011-11-09,174.28,174.81,171.61,172.07,12277050.0
2011-11-10,172.4299,172.59,168.83,171.14,11826666.0
2011-11-11,172.1,174.05,172.07,173.96,8726622.0
2011-11-14,173.74,173.86,172.59,173.2,5884521.0
2011-11-15,173.35,173.81,171.9,173.36,9166975.0
2011-11-16,171.63,172.96,170.57,171.51,15090037.0
2011-11-17,170.04,170.3,166.39,167.1,28457067.0
2011-11-18,167.23,168.69,166.6,167.62,14014429.0
2011-11-21,166.6099,166.71,162.07,163.5,22012956.0
2011-11-22,164.74,165.92,164.61,165.31,12090123.0
2011-11-23,164.55,165.37,163.12,164.83,11475691.0
2011-11-25,163.33,165.2,163.29,163.4,6097917.0
2011-11-28,166.93,167.14,165.98,166.63,12002022.0
2011-11-29,166.4,167.33,166.08,166.88,9183125.0
2011-11-30,169.7,170.3,169.06,170.13,11805407.0
2011-12-01,169.8499,170.57,168.59,169.63,11607847.0
2011-12-02,170.65,170.8,169.36,169.82,8433178.0
2011-12-05,169.06,169.95,167.06,167.32,10243312.0
2011-12-06,166.31,168.57,165.53,168.18,10381430.0
2011-12-07,168.79,169.52,167.76,169.4,10344941.0
2011-12-08,166.96,167.63,165.73,165.976,11718284.0
2011-12-09,166.43,167.34,166.12,166.4,8353970.0
2011-12-12,162.35,162.41,161.14,161.99,15311393.0
2011-12-13,161.86,163.19,157.76,158.45,24959155.0
2011-12-14,156.785,157.34,152.05,152.89,42227780.0
2011-12-15,154.74,154.95,151.71,152.33,21505804.0
2011-12-16,154.31,155.37,153.9,155.23,18123126.0
2011-12-19,155.48,155.86,154.36,154.87,12487532.0
2011-12-20,156.82,157.43,156.58,156.98,9134635.0
2011-12-21,156.98,157.53,156.13,157.16,11992929.0
2011-12-22,156.35,156.8,155.33,156.04,9887558.0
2011-12-23,156.35,156.49,155.82,156.31,3565083.0
2011-12-27,155.08,155.55,154.54,154.91,4917681.0
2011-12-28,154.05,154.26,150.66,151.03,16403309.0
2011-12-29,149.09,150.72,148.27,150.34,19790384.0
2011-12-30,152.1401,153.75,151.79,151.99,10852657.0
2012-01-03,154.76,156.3,154.55,155.92,13353568.0
2012-01-04,155.43,157.38,155.34,156.71,11517798.0
2012-01-05,155.37,158.03,155.25,157.78,11597949.0
2012-01-06,158.5901,158.63,156.38,157.2,9790121.0
2012-01-09,157.36,157.59,156.19,156.5,8764806.0
2012-01-10,158.97,159.47,158.47,158.64,8303102.0
2012-01-11,159.34,160.05,158.91,159.67,7967256.0
2012-01-12,161.02,161.615,159.83,160.38,8599095.0
2012-01-13,159.32,159.59,158.01,159.26,8910256.0
2012-01-17,161.17,161.65,160.42,160.5,8276913.0
2012-01-18,159.94,161.64,159.68,161.6,9278564.0
2012-01-19,160.96,161.45,160.33,161.22,8110676.0
2012-01-20,160.5,162.09,160.0,162.07,11614926.0
2012-01-23,162.325,163.47,162.325,163.16,8831870.0
2012-01-24,161.81,162.37,161.53,162.01,7500589.0
2012-01-25,161.07,166.55,160.29,166.42,28927337.0
2012-01-26,168.05,168.31,167.05,167.27,19116178.0
2012-01-27,167.44,169.0,167.41,168.97,13028531.0
2012-01-30,168.19,168.54,167.74,168.03,8414248.0
2012-01-31,169.77,169.86,167.72,169.31,11159789.0
2012-02-01,169.75,170.18,169.08,169.56,7717305.0
2012-02-02,169.96,171.2299,169.68,171.05,11505527.0
2012-02-03,169.88,170.14,167.51,167.64,23353362.0
2012-02-06,166.96,167.68,166.61,167.18,8771205.0
2012-02-07,167.38,170.09,167.15,169.7,11607548.0
2012-02-08,169.26,169.96,167.5,168.5,10632480.0
2012-02-09,170.01,170.37,167.67,168.02,16049485.0
2012-02-10,166.49,167.64,166.33,167.14,10326683.0
2012-02-13,167.33,167.94,166.74,167.51,7085449.0
2012-02-14,167.65,167.93,166.42,167.12,7860046.0
2012-02-15,168.63,168.75,167.19,168.108,11638285.0
2012-02-16,166.33,168.14,166.17,168.0,10706720.0
2012-02-17,168.29,168.33,166.872,167.35,7286847.0
2012-02-21,169.65,171.07,169.59,171.02,13586548.0
2012-02-22,170.4,173.17,170.19,172.94,16645291.0
2012-02-23,172.69,173.77,172.28,173.02,11623126.0
2012-02-24,172.63,173.04,172.0,172.231,9293412.0
2012-02-27,172.14,172.92,171.58,171.7,7326080.0
2012-02-28,172.84,174.0,172.6,173.49,12400606.0
2012-02-29,173.19,173.59,164.0,164.286,43915153.0
2012-03-01,166.1,167.72,165.75,166.61,19182475.0
2012-03-02,166.23,166.83,165.63,166.34,9296936.0
2012-03-05,165.77,165.91,164.55,165.65,12069034.0
2012-03-06,162.15,162.81,161.78,162.7,15529521.0
2012-03-07,162.76,164.02,162.51,163.63,9553024.0
2012-03-08,164.74,165.55,164.05,165.28,8857398.0
2012-03-09,163.64,166.57,163.25,166.3799,13698199.0
2012-03-12,165.33,165.58,164.4,165.07,6518657.0
2012-03-13,163.94,165.41,161.43,162.3,20027415.0
2012-03-14,159.61,160.5758,158.8,159.57,28819836.0
2012-03-15,159.73,161.98,159.28,161.08,12687808.0
2012-03-16,160.08,161.54,159.9201,161.3,12547960.0
2012-03-19,160.85,162.3,160.722,161.59,9920363.0
2012-03-20,160.1976,161.08,159.77,160.13,11641613.0
2012-03-21,160.63,161.48,160.15,160.21,6672513.0
2012-03-22,158.2,159.71,158.13,159.57,11103122.0
2012-03-23,160.88,161.88,160.52,161.5329,10688811.0
2012-03-26,163.17,164.54,162.95,164.4,13207932.0
2012-03-27,164.52,164.89,163.13,163.24,10904111.0
2012-03-28,162.71,162.98,160.66,161.51,11007340.0
2012-03-29,161.14,161.46,159.81,161.28,11026011.0
2012-03-30,161.67,162.33,161.22,162.12,7533885.0
2012-04-02,161.96,163.56,161.81,162.94,7541174.0
2012-04-03,163.23,163.23,159.17,159.89,16822239.0
2012-04-04,157.7,158.03,156.58,157.21,15967582.0
2012-04-05,157.87,158.68,157.78,158.31,8966909.0
2012-04-09,159.72,160.01,158.91,159.37,8245637.0
2012-04-10,159.66,161.58,158.47,161.1,14287102.0
2012-04-11,161.2,161.54,160.74,161.065,10005228.0
2012-04-12,160.74,163.2,160.455,162.7,9228811.0
2012-04-13,162.4509,162.46,160.17,160.85,10040986.0
2012-04-16,160.51,161.18,159.53,160.46,6670355.0
2012-04-17,160.54,160.96,158.75,160.27,7584911.0
2012-04-18,159.49,160.12,159.07,159.31,7462255.0
2012-04-19,160.0,160.64,159.02,159.43,9914331.0
2012-04-20,159.25,159.91,159.2,159.54,9148643.0
2012-04-23,158.2,159.18,157.88,159.07,8871740.0
2012-04-24,159.63,160.18,159.29,159.3,5199489.0
2012-04-25,159.48,159.96,157.76,159.62,15092799.0
2012-04-26,160.46,161.38,160.1,161.03,10917819.0
2012-04-27,161.78,161.97,161.15,161.38,8376863.0
2012-04-30,160.49,161.88,160.31,161.88,7971326.0
2012-05-01,162.09,162.18,160.89,161.32,7413537.0
2012-05-02,160.74,160.78,159.76,160.59,5632275.0
2012-05-03,159.16,159.48,158.37,158.97,13157856.0
2012-05-04,158.82,159.98,158.57,159.47,11388888.0
2012-05-07,159.31,159.34,158.45,159.08,4921777.0
2012-05-08,156.61,156.73,154.92,156.0,17850498.0
2012-05-09,154.1,154.98,153.6,154.47,13863236.0
2012-05-10,155.16,155.57,154.64,154.77,7457941.0
2012-05-11,153.44,154.47,153.24,153.56,8285440.0
2012-05-14,151.58,152.03,151.0,151.33,13384937.0
2012-05-15,151.16,151.44,149.63,149.74,13351412.0
2012-05-16,149.48,150.7,148.6,149.46,16737769.0
2012-05-17,150.83,153.4,150.38,152.8,18068155.0
2012-05-18,154.46,155.13,153.97,154.55,12993503.0
2012-05-21,154.11,154.95,153.86,154.65,7526080.0
2012-05-22,153.59,154.42,151.55,152.08,11299267.0
2012-05-23,151.5,151.8401,148.84,151.62,18841828.0
2012-05-24,152.71,152.91,150.62,151.41,9696915.0
2012-05-25,151.89,152.85,151.63,152.68,6212116.0
2012-05-29,153.47,153.62,150.25,151.02,11241814.0
2012-05-30,149.74,152.38,148.53,151.91,16764138.0
2012-05-31,152.0284,152.71,150.62,151.62,10113854.0
2012-06-01,155.41,158.31,154.87,157.5,27397375.0
2012-06-04,157.26,157.44,156.16,157.32,11456524.0
2012-06-05,156.92,157.27,156.42,157.14,8082444.0
2012-06-06,158.9,159.2,156.59,157.21,15751321.0
2012-06-07,157.82,157.84,153.19,154.5,18916298.0
2012-06-08,153.02,154.83,153.0,154.73,11074715.0
2012-06-11,154.83,155.4,153.55,155.36,9131220.0
2012-06-12,155.49,157.04,155.45,156.4594,13240241.0
2012-06-13,157.61,157.65,156.42,157.12,10109544.0
2012-06-14,157.64,157.94,156.24,157.75,11502355.0
2012-06-15,157.75,158.46,157.42,157.84,13099205.0
2012-06-18,157.46,158.21,156.54,157.93,6732218.0
2012-06-19,158.0,158.14,156.97,157.16,6944945.0
2012-06-20,156.0,157.37,154.26,155.97,16969999.0
2012-06-21,153.73,154.2299,151.8,152.015,14443650.0
2012-06-22,152.04,152.7,151.21,152.64,6754970.0
2012-06-25,152.58,154.16,152.25,153.76,6183414.0
2012-06-26,153.03,153.3,152.13,152.62,6121696.0
2012-06-27,153.3,153.45,152.15,152.83,4840649.0
2012-06-28,151.9,152.16,150.15,151.05,8753541.0
2012-06-29,155.13,155.95,154.52,155.19,10378189.0
2012-07-02,154.67,155.55,154.341,155.09,3654132.0
2012-07-03,156.97,157.72,156.77,157.46,5037638.0
2012-07-05,155.44,156.4,154.45,155.68,5358669.0
2012-07-06,154.23,154.49,152.95,153.71,7045142.0
2012-07-09,153.61,154.58,153.43,154.04,4468454.0
2012-07-10,155.13,155.1799,151.78,152.15,9725937.0
2012-07-11,152.58,153.45,152.02,152.99,6836877.0
2012-07-12,151.26,153.07,150.85,152.59,11394610.0
2012-07-13,153.45,154.94,153.44,154.14,5080287.0
2012-07-16,154.43,154.75,153.98,154.21,5710680.0
2012-07-17,154.01,154.5,152.45,153.47,13021680.0
2012-07-18,152.67,153.6,152.4,153.05,6806680.0
2012-07-19,153.73,154.32,152.93,153.38,6068917.0
2012-07-20,152.97,154.0,152.75,153.67,8583764.0
2012-07-23,152.5,153.33,152.29,153.03,5256626.0
2012-07-24,153.63,153.8,152.2,153.52,6507478.0
2012-07-25,155.33,156.29,155.05,155.67,9350016.0
2012-07-26,156.7,157.26,156.05,156.77,7343109.0
2012-07-27,157.64,157.96,156.66,157.54,9772527.0
2012-07-30,156.84,157.66,154.81,157.43,7211123.0
2012-07-31,157.6,157.72,156.26,156.49,10917990.0
2012-08-01,155.18,155.79,154.41,155.14,12714441.0
2012-08-02,154.66,155.14,153.61,154.13,11537511.0
2012-08-03,154.65,155.89,154.42,155.55,10670187.0
2012-08-06,155.92,156.73,155.74,156.3,4611957.0
2012-08-07,156.37,156.63,156.01,156.28,5923269.0
2012-08-08,156.49,156.86,156.26,156.48,3619851.0
2012-08-09,156.36,157.0,156.28,156.99,3175389.0
2012-08-10,156.9,157.82,156.6523,157.18,4607181.0
2012-08-13,157.05,157.45,155.9,155.99,4573044.0
2012-08-14,155.06,155.58,154.83,155.13,5074638.0
2012-08-15,155.32,155.82,155.271,155.63,4993134.0
2012-08-16,155.85,157.09,155.5,156.56,8837723.0
2012-08-17,157.06,157.07,156.22,156.72,7812003.0
2012-08-20,156.52,157.395,156.47,157.26,7845217.0
2012-08-21,158.81,159.2,158.69,158.83,11830030.0
2012-08-22,159.19,160.63,158.51,160.54,13588446.0
2012-08-23,161.41,162.451,161.23,161.89,17218311.0
2012-08-24,161.87,162.35,161.33,161.97,8495104.0
2012-08-27,161.77,162.294,161.34,161.36,5379061.0
2012-08-28,161.63,162.19,161.3,161.64,5073594.0
2012-08-29,161.6,161.68,160.18,160.59,9286459.0
2012-08-30,161.26,161.31,160.01,160.52,5813468.0
2012-08-31,161.14,164.22,159.56,164.22,18024170.0
2012-09-04,164.11,164.77,163.66,164.48,12022446.0
2012-09-05,164.12,164.39,163.81,164.31,8401395.0
2012-09-06,165.16,165.78,164.8,164.89,12953662.0
2012-09-07,167.77,169.0,167.37,168.44,19138012.0
2012-09-10,167.84,168.14,167.225,167.29,7760378.0
2012-09-11,168.22,168.53,167.79,167.9,7519598.0
2012-09-12,168.84,168.87,167.25,167.92,9942975.0
2012-09-13,167.87,171.91,166.3,171.31,28317907.0
2012-09-14,171.89,172.23,171.31,171.8,16847462.0
2012-09-17,171.77,171.96,170.06,170.4,11277804.0
2012-09-18,170.81,171.95,170.67,171.72,12469105.0
2012-09-19,171.88,172.03,171.19,171.74,9124196.0
2012-09-20,171.03,171.69,170.226,171.47,8701989.0
2012-09-21,172.93,173.185,171.54,171.96,13360938.0
2012-09-24,170.63,171.39,170.57,171.05,9171294.0
2012-09-25,171.76,172.11,170.5,170.77,10353920.0
2012-09-26,169.47,170.05,168.34,169.81,12060992.0
2012-09-27,171.02,172.6,170.76,172.34,10536401.0
2012-09-28,172.03,172.48,171.34,171.89,9680996.0
2012-10-01,172.83,173.62,171.77,172.295,10675908.0
2012-10-02,172.47,172.7,171.59,172.1,7053245.0
2012-10-03,172.51,172.61,171.89,172.41,5644088.0
2012-10-04,173.2,174.07,172.916,173.61,10376707.0
2012-10-05,172.87,173.37,172.01,172.62,8870943.0
2012-10-08,171.75,172.28,171.68,172.05,3748638.0
2012-10-09,171.86,172.17,170.56,170.99,7749657.0
2012-10-10,170.54,171.34,170.3,170.84,7361091.0
2012-10-11,171.3,171.95,171.13,171.32,5714681.0
2012-10-12,171.15,171.41,169.81,170.06,8265923.0
2012-10-15,169.01,169.1,167.53,168.35,10702992.0
2012-10-16,168.87,169.45,168.67,169.42,6203988.0
2012-10-17,169.23,169.95,168.92,169.54,5201677.0
2012-10-18,168.8,169.31,168.59,168.7891,6606681.0
2012-10-19,168.42,168.45,166.23,166.97,13859409.0
2012-10-22,167.08,167.63,167.0301,167.58,6362278.0
2012-10-23,166.04,166.06,165.12,165.4258,11862261.0
2012-10-24,165.78,165.83,164.6,164.8603,10793974.0
2012-10-25,166.29,166.53,165.77,166.02,7013338.0
2012-10-26,166.23,166.6,165.77,165.93,6440556.0
2012-10-31,166.47,167.28,166.38,166.83,4680517.0
2012-11-01,167.02,167.04,166.04,166.07,6017921.0
2012-11-02,164.45,164.47,162.3,162.6,14762946.0
2012-11-05,163.12,163.42,162.81,163.23,6156023.0
2012-11-06,163.91,166.77,163.61,166.3,16038217.0
2012-11-07,166.87,167.13,165.04,166.49,13193567.0
2012-11-08,166.14,168.16,166.12,167.99,8811764.0
2012-11-09,168.21,168.54,167.55,167.82,7360757.0
2012-11-12,168.1,168.28,167.21,167.45,5647356.0
2012-11-13,166.66,167.9399,166.63,167.1,6463226.0
2012-11-14,167.46,168.04,166.78,167.14,8510183.0
2012-11-15,167.0,167.055,165.18,166.09,10022252.0
2012-11-16,165.74,166.36,165.47,165.88,6942299.0
2012-11-19,167.75,168.16,167.38,167.87,6764264.0
2012-11-20,167.75,168.02,166.8401,167.39,5494404.0
2012-11-21,167.19,167.8199,166.97,167.56,3807885.0
2012-11-23,167.97,170.01,167.8,169.61,6110069.0
2012-11-26,169.56,169.73,169.25,169.43,5377054.0
2012-11-27,169.14,169.4,168.62,168.71,7313015.0
2012-11-28,165.43,166.84,165.385,166.55,12878922.0
2012-11-29,167.14,167.5,166.85,167.1817,7445914.0
2012-11-30,166.94,167.22,165.53,166.05,8412210.0
2012-12-03,166.11,166.92,166.04,166.1267,6363233.0
2012-12-04,164.06,164.83,163.87,164.42,10191915.0
2012-12-05,164.22,164.5,163.2,164.12,10646653.0
2012-12-06,163.72,165.0,163.53,164.5,7274971.0
2012-12-07,164.88,165.22,164.6,165.165,7289271.0
2012-12-10,166.11,166.16,165.715,165.8,4646559.0
2012-12-11,165.45,165.66,165.12,165.65,4721244.0
2012-12-12,166.2,166.94,165.36,165.77,14158689.0
2012-12-13,163.865,164.895,163.78,164.37,9327191.0
2012-12-14,164.17,164.48,164.02,164.13,5351688.0
2012-12-17,164.16,164.62,164.13,164.44,8173034.0
2012-12-18,164.35,164.43,160.9,162.08,23992372.0
2012-12-19,161.31,162.22,161.11,161.69,12991022.0
2012-12-20,159.87,160.12,158.39,159.73,25147211.0
2012-12-21,159.82,160.76,159.78,160.33,13445306.0
2012-12-24,160.88,160.96,160.47,160.62,3699741.0
2012-12-26,161.36,161.485,160.64,160.78,4956628.0
2012-12-27,160.23,161.31,160.05,161.16,8936942.0
2012-12-28,160.94,160.97,160.15,160.54,6852338.0
2012-12-31,160.9,162.75,160.77,162.0204,11779711.0
2013-01-02,163.49,164.14,163.14,163.17,10418337.0
2013-01-03,162.48,162.881,160.83,161.2,16068718.0
2013-01-04,159.52,160.635,158.89,160.44,19179655.0
2013-01-07,159.36,159.96,159.15,159.43,9360923.0
2013-01-08,160.46,160.99,160.01,160.56,7694133.0
2013-01-09,160.77,160.83,159.905,160.49,8333223.0
2013-01-10,161.61,162.56,161.61,161.98,11420978.0
2013-01-11,161.86,161.9,160.1084,161.06,13675527.0
2013-01-14,161.88,161.97,161.13,161.54,7287865.0
2013-01-15,162.8,163.17,162.355,162.558,10075598.0
2013-01-16,162.42,163.03,162.15,162.65,9213529.0
2013-01-17,161.94,164.4,161.83,163.35,14911402.0
2013-01-18,163.95,163.97,163.019,163.09,10038032.0
2013-01-22,163.48,164.22,163.37,163.67,8583249.0
2013-01-23,163.92,163.95,163.0,163.21,6695789.0
2013-01-24,161.98,162.27,161.18,161.42,13140209.0
2013-01-25,160.56,161.04,160.31,160.65,9037561.0
2013-01-28,160.24,160.73,160.02,160.29,8491459.0
2013-01-29,161.01,161.31,160.69,160.99,7364409.0
2013-01-30,162.68,163.04,162.0301,162.19,12009935.0
2013-01-31,161.62,161.81,160.47,161.2,9333197.0
2013-02-01,162.66,162.77,160.87,161.45,12904297.0
2013-02-04,161.19,162.42,161.15,162.0,7354084.0
2013-02-05,162.75,162.795,161.33,161.96,8979388.0
2013-02-06,162.13,162.63,161.99,162.39,6133724.0
2013-02-07,161.24,162.96,161.13,161.84,12826686.0
2013-02-08,161.46,162.02,161.2,161.57,6085836.0
2013-02-11,159.78,159.98,159.2499,159.7,12071794.0
2013-02-12,159.35,160.05,158.88,159.89,7629416.0
2013-02-13,159.6,159.64,158.77,159.05,8960633.0
2013-02-14,159.31,159.6499,158.04,158.348,12409574.0
2013-02-15,156.42,156.58,154.56,155.76,23373597.0
2013-02-19,155.8,155.84,154.93,155.33,11803581.0
2013-02-20,153.9,153.93,150.841,151.44,30891716.0
2013-02-21,152.0,153.41,151.899,152.62,17963464.0
2013-02-22,152.26,152.99,151.93,152.97,10092950.0
2013-02-25,153.52,154.56,153.31,154.34,9415613.0
2013-02-26,154.39,156.8,153.32,156.22,18174959.0
2013-02-27,155.46,155.6,154.08,154.57,9594147.0
2013-02-28,154.09,154.16,152.39,153.0,14863840.0
2013-03-01,153.1599,153.61,152.14,152.44,11177209.0
2013-03-04,152.45,152.74,151.87,152.3,6632438.0
2013-03-05,153.1,153.39,152.11,152.38,10803494.0
2013-03-06,152.17,153.38,151.65,153.23,10851039.0
2013-03-07,153.02,153.21,152.4,152.69,6562890.0
2013-03-08,151.61,153.29,151.403,152.71,11859467.0
2013-03-11,152.82,153.06,152.65,152.99,4809106.0
2013-03-12,154.07,154.69,153.9,154.19,7265676.0
2013-03-13,154.26,154.604,153.423,153.66,7436362.0
2013-03-14,153.02,154.17,153.01,153.68,11409538.0
2013-03-15,154.12,154.72,153.97,154.001,5701173.0
2013-03-18,155.7,155.93,155.0,155.38,9301568.0
2013-03-19,155.22,156.34,155.1,156.08,11020405.0
2013-03-20,155.53,155.83,154.88,155.37,8220958.0
2013-03-21,156.17,156.43,155.879,156.246,4991110.0
2013-03-22,155.451,155.99,155.42,155.55,4746276.0
2013-03-25,154.71,155.57,154.36,155.24,6795362.0
2013-03-26,154.47,154.91,154.28,154.72,7387222.0
2013-03-27,154.67,155.62,154.509,155.36,6715926.0
2013-03-28,154.5,154.8,154.22,154.47,6851200.0
2013-04-01,154.57,154.93,154.3,154.67,4288086.0
2013-04-02,153.09,153.31,152.26,152.43,9398254.0
2013-04-03,152.02,152.53,149.92,150.73,15714167.0
2013-04-04,149.65,150.6,149.44,150.29,12427837.0
2013-04-05,151.54,152.9599,151.07,152.81,14490884.0
2013-04-08,152.39,152.59,151.6,152.16,6245454.0
2013-04-09,152.32,153.85,152.28,153.34,7040496.0
2013-04-10,152.67,152.71,150.5799,150.75,18507099.0
2013-04-11,150.76,151.71,150.629,151.05,8051017.0
2013-04-12,148.65,148.8499,143.426,143.95,55576295.0
2013-04-15,136.0,136.75,130.51,131.31,93698108.0
2013-04-16,134.9,135.11,131.76,132.8,45601125.0
2013-04-17,133.81,134.95,132.32,132.87,25427448.0
2013-04-18,134.12,135.31,133.62,134.3,20039575.0
2013-04-19,136.0,136.02,134.6,135.47,15658545.0
2013-04-22,138.15,138.269,137.22,137.9,16566375.0
2013-04-23,137.22,137.24,135.85,136.88,14644382.0
2013-04-24,138.09,138.55,137.45,138.3699,10368547.0
2013-04-25,140.0,142.08,139.785,141.63,18884714.0
2013-04-26,142.3,143.43,140.04,140.91,19305648.0
2013-04-29,142.1353,142.66,141.485,142.3,10842990.0
2013-04-30,142.27,142.83,141.55,142.77,11282967.0
2013-05-01,140.59,141.55,139.3001,141.11,13910899.0
2013-05-02,142.0,142.47,141.642,141.92,11497145.0
2013-05-03,141.7,142.71,141.4,142.09,11666035.0
2013-05-06,142.33,142.465,141.63,142.15,7730280.0
2013-05-07,140.38,140.64,139.37,140.38,13627227.0
2013-05-08,141.78,142.81,141.49,142.46,11159753.0
2013-05-09,141.33,142.36,140.51,140.81,8260014.0
2013-05-10,138.22,139.75,137.26,139.6,14650497.0
2013-05-13,138.46,138.966,138.16,138.43,6713440.0
2013-05-14,137.95,139.16,137.64,137.81,9894419.0
2013-05-15,136.59,136.98,134.23,134.63,19060179.0
2013-05-16,133.18,134.48,133.0,134.09,12757368.0
2013-05-17,133.17,133.48,131.02,131.07,20273243.0
2013-05-20,130.88,135.32,130.85,135.12,21569512.0
2013-05-21,132.17,133.65,131.452,132.88,14528073.0
2013-05-22,134.18,136.77,130.95,131.94,25972965.0
2013-05-23,134.51,134.84,133.12,134.61,10267440.0
2013-05-24,134.11,134.51,133.64,133.76,5522584.0
2013-05-28,133.68,135.57,132.8,133.49,12465978.0
2013-05-29,134.09,134.91,133.64,134.83,8761924.0
2013-05-30,136.67,137.11,136.26,136.7,8611541.0
2013-05-31,135.71,136.05,133.89,133.92,9756046.0
2013-06-03,134.77,136.98,134.43,136.51,9172892.0
2013-06-04,135.21,135.4399,134.27,135.23,5504866.0
2013-06-05,135.47,136.37,135.01,135.52,7441332.0
2013-06-06,135.39,137.62,134.98,136.53,9846611.0
2013-06-07,134.11,134.62,133.18,133.28,11051912.0
2013-06-10,133.3,134.28,132.99,133.94,6141516.0
2013-06-11,132.31,133.51,132.245,133.25,7196053.0
2013-06-12,132.95,134.83,132.83,134.25,6549995.0
2013-06-13,133.31,134.2,132.82,133.74,7161733.0
2013-06-14,134.0,134.6,133.88,134.43,4278655.0
2013-06-17,133.89,134.0599,133.5201,133.77,4072212.0
2013-06-18,132.72,132.9601,131.5303,132.13,7378510.0
2013-06-19,132.58,133.15,130.38,130.59,12965590.0
2013-06-20,125.2178,126.38,123.33,123.6,28857406.0
2013-06-21,125.16,125.57,124.46,125.05,16599624.0
2013-06-24,124.31,124.7,123.31,123.93,12748606.0
2013-06-25,123.65,123.9,122.88,123.47,9369177.0
2013-06-26,119.88,119.9,118.06,118.28,24684233.0
2013-06-27,119.1,119.51,115.65,115.94,29980250.0
2013-06-28,115.22,119.33,114.68,119.11,32979223.0
2013-07-01,119.94,121.95,119.38,121.13,15943221.0
2013-07-02,121.34,121.47,119.78,120.05,10548958.0
2013-07-03,120.7,121.77,120.54,120.74,6750238.0
2013-07-05,118.08,118.18,116.74,118.09,11592421.0
2013-07-08,119.09,119.66,118.93,119.51,8651946.0
2013-07-09,120.84,121.51,120.05,120.62,8201258.0
2013-07-10,121.15,122.35,120.59,120.95,14656135.0
2013-07-11,124.26,124.365,123.47,124.24,11278528.0
2013-07-12,123.52,124.3,123.32,124.13,6582783.0
2013-07-15,124.08,124.39,123.84,124.18,4131906.0
2013-07-16,124.76,125.21,124.33,124.89,5575959.0
2013-07-17,125.04,125.7,122.73,123.32,10876244.0
2013-07-18,124.11,124.52,123.78,124.01,6150827.0
2013-07-19,124.89,125.42,124.65,125.11,5767703.0
2013-07-22,127.65,129.46,127.59,128.84,10845510.0
2013-07-23,128.7,130.1399,128.35,129.71,8819682.0
2013-07-24,129.17,129.3999,126.873,127.48,9961785.0
2013-07-25,127.7,128.87,127.64,128.67,4702336.0
2013-07-26,128.11,128.97,126.78,128.78,6148476.0
2013-07-29,128.45,128.78,128.25,128.47,3554897.0
2013-07-30,127.95,128.31,127.22,128.12,4487696.0
2013-07-31,127.76,128.92,126.13,127.96,16015251.0
2013-08-01,127.84,127.89,126.33,126.61,10551050.0
2013-08-02,126.74,127.25,126.32,126.36,6453432.0
2013-08-05,126.51,126.64,125.34,125.7,4005180.0
2013-08-06,124.33,124.55,123.55,123.97,6017104.0
2013-08-07,124.0,124.6,123.85,124.15,5304729.0
2013-08-08,124.78,126.99,124.77,126.86,8653622.0
2013-08-09,126.51,127.27,126.3,126.86,6191969.0
2013-08-12,129.57,129.71,128.88,129.13,7414415.0
2013-08-13,128.49,128.6499,127.38,127.74,7336118.0
2013-08-14,127.66,129.07,127.57,129.0,8700657.0
2013-08-15,128.06,132.36,127.98,131.69,17215303.0
2013-08-16,132.56,133.27,131.39,132.58,14435322.0
2013-08-19,132.33,132.5,131.59,132.01,8118408.0
2013-08-20,132.0345,133.13,132.02,132.45,7804205.0
2013-08-21,131.74,133.23,131.51,132.07,10720160.0
2013-08-22,132.56,133.46,132.27,132.81,5741803.0
2013-08-23,132.58,135.24,132.5,134.9,11621948.0
2013-08-26,134.88,135.6,134.15,135.45,7685996.0
2013-08-27,136.94,137.55,136.52,136.75,11248825.0
2013-08-28,137.21,137.46,136.66,136.71,13650418.0
2013-08-29,136.12,136.55,135.42,135.87,7940577.0
2013-08-30,134.65,135.71,134.44,134.62,7698123.0
2013-09-03,135.46,136.789,135.025,136.42,8100663.0
2013-09-04,134.61,134.84,133.72,134.66,7784378.0
2013-09-05,134.13,134.35,131.8,132.2,11118578.0
2013-09-06,133.42,134.4,133.33,134.15,8448842.0
2013-09-09,134.13,134.32,133.67,133.91,5079726.0
2013-09-10,131.82,132.0,131.11,131.74,8432445.0
2013-09-11,131.58,131.81,131.26,131.7,5048208.0
2013-09-12,128.62,128.78,127.61,127.67,12933893.0
2013-09-13,127.16,127.96,126.21,127.82,12058670.0
2013-09-16,127.48,128.02,126.335,126.45,9982799.0
2013-09-17,126.81,126.99,126.11,126.5,8123304.0
2013-09-18,125.32,132.16,125.15,132.01,24807119.0
2013-09-19,132.0,132.78,131.22,131.75,14339052.0
2013-09-20,130.6,130.91,127.9,127.96,19418837.0
2013-09-23,127.52,128.44,127.33,127.55,7421818.0
2013-09-24,126.4,128.21,126.34,127.66,7349709.0
2013-09-25,127.57,129.21,127.52,128.79,7453621.0
2013-09-26,128.6097,128.99,127.32,127.79,9491371.0
2013-09-27,128.86,129.58,128.84,128.97,7426781.0
2013-09-30,127.95,129.14,127.7,128.18,8979473.0
2013-10-01,125.25,125.26,123.81,124.59,16706123.0
2013-10-02,125.37,127.81,125.34,127.06,11994176.0
2013-10-03,126.77,127.69,126.22,127.18,11605023.0
2013-10-04,127.05,127.15,126.0,126.53,6923661.0
2013-10-07,127.25,128.33,127.12,127.64,6733028.0
2013-10-08,127.79,128.45,127.21,127.4,6989904.0
2013-10-09,126.21,126.89,124.97,126.11,10705582.0
2013-10-10,125.34,125.83,124.1,124.27,10509660.0
2013-10-11,122.37,122.81,121.85,122.6,15967801.0
2013-10-14,123.9,124.24,122.81,122.83,6115415.0
2013-10-15,122.28,124.36,122.22,123.73,8372589.0
2013-10-16,123.52,123.89,122.51,123.54,8523879.0
2013-10-17,127.01,127.86,126.81,127.42,11770228.0
2013-10-18,126.87,127.33,126.6,126.85,5342200.0
2013-10-21,127.13,127.3356,126.79,126.98,3374873.0
2013-10-22,128.25,129.81,128.22,129.34,8849245.0
2013-10-23,128.55,129.09,128.35,128.69,5092215.0
2013-10-24,129.41,130.53,129.41,129.9,10221736.0
2013-10-25,129.53,130.92,129.46,130.46,8768115.0
2013-10-28,130.41,131.44,130.1,130.56,6807897.0
2013-10-29,130.1642,130.59,129.57,129.77,5332833.0
2013-10-30,130.83,131.22,128.81,129.6,8875289.0
2013-10-31,128.04,128.49,127.3,127.74,7719254.0
2013-11-01,126.86,127.17,126.05,126.95,9566718.0
2013-11-04,127.18,127.52,126.74,126.81,3808997.0
2013-11-05,126.71,126.86,126.0,126.56,4941334.0
2013-11-06,127.11,127.36,126.92,127.2,3540263.0
2013-11-07,126.14,126.85,125.86,126.16,7700072.0
2013-11-08,124.46,124.46,123.62,124.279,8410721.0
2013-11-11,123.92,123.97,123.66,123.87,3252491.0
2013-11-12,123.51,123.87,121.7256,122.45,7694324.0
2013-11-13,122.97,123.24,122.39,122.85,5943228.0
2013-11-14,123.92,124.91,123.88,124.27,7652117.0
2013-11-15,124.16,124.52,124.07,124.32,4664240.0
2013-11-18,123.7,123.96,122.55,122.9,6241279.0
2013-11-19,122.97,123.4,122.83,122.95,3666451.0
2013-11-20,121.67,122.44,119.76,120.12,14281010.0
2013-11-21,119.81,120.35,119.31,119.94,7562937.0
2013-11-22,120.24,120.4,119.82,119.92,6776461.0
2013-11-25,119.23,121.0,119.13,120.46,7271846.0
2013-11-26,119.84,120.4,119.59,119.82,9053320.0
2013-11-27,120.49,120.69,119.25,119.46,6144568.0
2013-11-29,120.67,121.05,120.62,120.7,2364671.0
2013-12-02,119.2,119.29,117.5,117.58,10297128.0
2013-12-03,117.58,118.31,117.23,117.96,7004847.0
2013-12-04,118.33,120.76,118.16,119.96,9110691.0
2013-12-05,118.2,119.24,117.41,118.3,10254676.0
2013-12-06,118.86,119.26,118.01,118.55,7910040.0
2013-12-09,118.99,119.92,118.9496,119.72,5510392.0
2013-12-10,122.14,122.32,121.47,121.82,9164469.0
2013-12-11,121.49,121.81,120.76,120.86,9934908.0
2013-12-12,118.61,118.82,118.03,118.29,8810811.0
2013-12-13,118.89,119.49,118.761,119.38,6484891.0
2013-12-16,119.26,120.77,118.97,119.69,8193324.0
2013-12-17,118.96,119.9001,118.37,118.65,8589144.0
2013-12-18,119.0,120.05,117.29,117.61,16265046.0
2013-12-19,115.97,116.06,114.5,114.82,15984757.0
2013-12-20,115.37,116.469,115.06,115.94,14697716.0
2013-12-23,115.61,116.12,115.43,115.57,6244146.0
2013-12-24,115.79,116.29,115.71,116.1,3353940.0
2013-12-26,117.23,117.23,116.65,116.74,3868528.0
2013-12-27,117.31,117.38,116.85,117.12,4207991.0
2013-12-30,116.37,116.4,115.18,115.39,6713023.0
2013-12-31,114.61,117.13,114.46,116.12,12838233.0
2014-01-02,117.93,118.73,117.75,118.0,7570508.0
2014-01-03,118.64,119.62,118.59,119.29,5879119.0
2014-01-06,119.76,120.39,117.11,119.5,10107731.0
2014-01-07,118.46,118.92,118.1301,118.82,6435823.0
2014-01-08,117.99,118.52,117.5,118.12,7432317.0
2014-01-09,118.11,118.69,117.99,118.46,3972991.0
2014-01-10,119.72,120.43,119.58,120.26,7994809.0
2014-01-13,120.27,121.04,120.2,121.02,5877632.0
2014-01-14,120.54,121.06,119.72,119.89,7506301.0
2014-01-15,119.19,119.8099,119.1126,119.66,5476409.0
2014-01-16,119.84,119.96,119.57,119.79,3950105.0
2014-01-17,120.35,121.02,120.2,120.93,7926430.0
2014-01-21,119.23,119.97,119.23,119.7,6765085.0
2014-01-22,119.65,119.768,119.17,119.19,4898314.0
2014-01-23,120.97,122.02,120.97,121.79,11038741.0
2014-01-24,122.06,122.5,121.55,122.29,8540453.0
2014-01-27,121.65,122.06,120.72,120.96,7533917.0
2014-01-28,121.32,121.4,120.41,120.95,5156327.0
2014-01-29,122.19,122.51,121.13,122.47,12262531.0
2014-01-30,119.67,120.22,119.6001,119.77,8752038.0
2014-01-31,120.65,120.86,119.46,120.09,7984890.0
2014-02-03,120.47,122.11,120.32,121.32,9270176.0
2014-02-04,120.41,121.09,120.3888,120.99,7029192.0
2014-02-05,121.76,121.88,120.73,121.29,6801879.0
2014-02-06,121.38,121.51,120.78,121.24,4748431.0
2014-02-07,121.24,122.24,121.23,122.17,6683018.0
2014-02-10,122.8,123.16,122.72,122.92,7937659.0
2014-02-11,123.38,124.75,123.36,124.36,11558005.0
2014-02-12,124.4,124.98,124.13,124.43,6654131.0
2014-02-13,124.7,125.6,124.66,125.49,9263314.0
2014-02-14,126.99,127.38,126.75,127.15,11180946.0
2014-02-18,127.42,127.75,127.09,127.4,7690800.0
2014-02-19,127.26,127.45,126.16,126.27,9390584.0
2014-02-20,126.75,127.75,126.4,127.6,10578232.0
2014-02-21,127.57,128.07,127.15,127.58,7306796.0
2014-02-24,128.51,129.07,128.34,128.99,12116210.0
2014-02-25,128.62,129.53,128.57,129.21,5787114.0
2014-02-26,128.49,128.76,127.42,128.11,7057157.0
2014-02-27,128.4,128.8,127.89,128.2,5067646.0
2014-02-28,128.27,128.35,127.15,127.62,10588738.0
2014-03-03,130.0,130.5856,129.81,130.29,11741244.0
2014-03-04,128.54,129.24,128.3236,128.68,6350420.0
2014-03-05,128.71,129.34,128.58,128.89,4880728.0
2014-03-06,129.71,130.47,129.47,130.17,5417902.0
2014-03-07,128.25,129.23,128.21,129.09,7577498.0
2014-03-10,128.88,129.61,128.7804,129.13,4170499.0
2014-03-11,130.01,130.15,128.9301,129.86,7295113.0
2014-03-12,131.56,132.12,131.39,131.76,11107630.0
2014-03-13,131.69,132.54,131.56,132.21,8007721.0
2014-03-14,133.68,133.69,132.35,133.1,11949426.0
2014-03-17,132.73,133.22,131.22,131.64,14630110.0
2014-03-18,130.39,131.27,130.33,130.62,6424385.0
2014-03-19,129.55,129.68,127.94,128.09,12932862.0
2014-03-20,127.78,128.41,127.58,127.86,7690848.0
2014-03-21,129.04,129.09,128.41,128.47,7246489.0
2014-03-24,126.87,127.14,126.03,126.18,13076493.0
2014-03-25,126.44,126.82,126.24,126.41,6567962.0
2014-03-26,126.27,126.38,125.13,125.41,8581634.0
2014-03-27,125.06,125.29,124.21,124.59,7315310.0
2014-03-28,124.23,124.96,123.88,124.56,7253673.0
2014-03-31,124.52,124.79,123.57,123.61,12379151.0
2014-04-01,123.71,123.85,123.1099,123.39,5998286.0
2014-04-02,124.41,124.75,124.19,124.32,4906684.0
2014-04-03,123.75,124.26,123.59,123.92,3659603.0
2014-04-04,125.2,125.96,124.86,125.57,7278979.0
2014-04-07,125.07,125.4725,124.84,124.91,3969823.0
2014-04-08,126.34,126.34,125.9,126.09,6946163.0
2014-04-09,125.46,126.72,125.33,126.32,5307863.0
2014-04-10,126.95,127.37,126.82,127.01,5008847.0
2014-04-11,127.04,127.31,126.73,126.93,4699538.0
2014-04-14,127.8,128.25,127.62,127.85,6680185.0
2014-04-15,124.79,125.7,124.6,125.49,9970175.0
2014-04-16,125.37,125.57,125.03,125.54,4072028.0
2014-04-17,125.38,125.53,124.57,124.75,5902491.0
2014-04-21,124.07,124.33,123.76,124.24,6579161.0
2014-04-22,124.15,124.16,122.92,123.78,6899367.0
2014-04-23,123.7,123.942,123.38,123.76,3741184.0
2014-04-24,122.87,125.12,122.8404,124.56,8755120.0
2014-04-25,125.18,125.71,125.07,125.43,7025124.0
2014-04-28,125.3,125.34,124.45,124.88,4898101.0
2014-04-29,124.95,125.38,124.65,124.86,5241798.0
2014-04-30,124.19,125.05,123.82,124.22,10354278.0
2014-05-01,123.17,123.83,123.06,123.8,6687796.0
2014-05-02,123.69,125.67,123.33,125.06,9914822.0
2014-05-05,126.47,126.63,126.0,126.22,5202763.0
2014-05-06,126.02,126.11,125.63,125.98,3488007.0
2014-05-07,125.52,125.57,123.92,124.17,8471166.0
2014-05-08,124.19,124.47,123.891,124.17,3696147.0
2014-05-09,124.39,124.47,123.82,124.1,3119978.0
2014-05-12,125.4,125.42,124.69,124.94,4025958.0
2014-05-13,124.79,125.1,124.5,124.6,2643478.0
2014-05-14,125.8,125.96,125.44,125.81,4018583.0
2014-05-15,124.77,125.51,124.54,124.77,5862519.0
2014-05-16,124.35,124.77,124.29,124.5,4052154.0
2014-05-19,125.28,125.47,124.48,124.58,3903200.0
2014-05-20,124.12,124.91,124.09,124.69,3771117.0
2014-05-21,124.25,124.55,123.53,124.39,6848002.0
2014-05-22,125.14,125.24,124.535,124.67,3458801.0
2014-05-23,124.6,124.661,124.19,124.51,2206288.0
2014-05-27,122.98,123.07,121.75,121.85,10905402.0
2014-05-28,121.47,121.7,120.92,121.2,6741191.0
2014-05-29,120.78,121.46,120.77,120.94,5555563.0
2014-05-30,120.76,120.81,119.62,120.43,8753575.0
2014-06-02,119.93,120.4599,119.61,119.7,5923679.0
2014-06-03,119.73,120.09,119.42,120.01,5010345.0
2014-06-04,120.1,120.16,119.68,119.76,3861805.0
2014-06-05,120.55,120.88,120.43,120.66,4183681.0
2014-06-06,120.68,120.77,119.94,120.61,4808750.0
2014-06-09,120.79,120.85,120.57,120.65,2789577.0
2014-06-10,121.29,121.47,121.21,121.39,3561677.0
2014-06-11,121.51,121.61,121.18,121.41,3573593.0
2014-06-12,121.92,122.75,121.83,122.64,7394697.0
2014-06-13,122.57,123.036,122.51,122.96,4026822.0
2014-06-16,122.88,123.01,122.302,122.42,5833646.0
2014-06-17,121.85,122.5,121.82,122.28,4035098.0
2014-06-18,122.22,122.8,122.09,122.67,4604909.0
2014-06-19,124.33,127.23,124.32,126.94,24374779.0
2014-06-20,126.32,127.07,126.21,126.5,9955149.0
2014-06-23,126.65,126.935,126.37,126.85,5142796.0
2014-06-24,127.22,127.32,126.73,126.98,6355294.0
2014-06-25,126.78,127.55,126.66,126.99,6695428.0
2014-06-26,126.53,126.92,126.2,126.73,5531190.0
2014-06-27,126.88,127.17,126.65,126.66,4200393.0
2014-06-30,126.53,128.04,126.37,128.04,18143018.0
2014-07-01,127.99,128.12,127.49,127.7,8148345.0
2014-07-02,127.76,128.24,127.64,127.7,5742612.0
2014-07-03,126.79,127.29,126.61,127.16,4922466.0
2014-07-07,126.63,127.03,126.23,127.02,4636886.0
2014-07-08,127.29,127.53,126.43,127.07,6220335.0
2014-07-09,127.54,128.26,127.18,127.84,8369851.0
2014-07-10,129.11,129.21,128.49,128.54,6314294.0
2014-07-11,128.41,128.83,128.38,128.78,4322535.0
2014-07-14,125.5,126.1,125.45,125.72,11469917.0
2014-07-15,125.89,126.32,124.36,124.53,10548113.0
2014-07-16,125.02,125.47,124.78,124.97,4104117.0
2014-07-17,125.52,127.55,125.11,127.0899,11430637.0
2014-07-18,125.79,126.21,125.6701,126.13,6461677.0
2014-07-21,126.53,126.55,126.11,126.34,3303835.0
2014-07-22,126.33,126.4299,125.47,125.74,3887606.0
2014-07-23,125.72,126.04,125.4,125.62,3045018.0
2014-07-24,124.85,124.87,123.9,124.35,8118607.0
2014-07-25,124.48,125.93,124.43,125.791,5644498.0
2014-07-28,125.44,125.67,125.3,125.58,3213705.0
2014-07-29,125.79,125.88,124.72,125.2,5270794.0
2014-07-30,124.89,124.93,124.41,124.83,5622346.0
2014-07-31,123.85,124.07,123.23,123.39,9898582.0
2014-08-01,124.54,124.81,124.23,124.38,7397317.0
2014-08-04,124.36,124.47,123.73,123.99,6500560.0
2014-08-05,123.74,124.52,123.4,123.87,8342542.0
2014-08-06,125.71,126.0,125.52,125.67,9327849.0
2014-08-07,125.47,126.51,125.37,126.18,7298926.0
2014-08-08,126.08,126.41,125.89,126.19,5729316.0
2014-08-11,125.84,126.04,125.64,125.96,3165498.0
2014-08-12,126.42,126.81,125.87,125.99,4613407.0
2014-08-13,126.35,126.53,125.9,126.2,3968495.0
2014-08-14,126.24,126.53,126.13,126.31,3348451.0
2014-08-15,124.52,126.07,124.41,125.483,13071958.0
2014-08-18,124.78,125.08,124.65,124.96,4953347.0
2014-08-19,125.0,125.0,124.48,124.68,4878772.0
2014-08-20,124.82,124.82,123.88,124.22,4395911.0
2014-08-21,122.72,123.24,122.45,122.88,8010459.0
2014-08-22,123.09,123.33,122.57,123.19,4739968.0
2014-08-25,122.92,123.04,122.72,122.74,5019903.0
2014-08-26,123.92,123.97,123.28,123.35,3891112.0
2014-08-27,123.6,123.71,123.25,123.3199,2576944.0
2014-08-28,124.15,124.33,123.81,124.0,3297757.0
2014-08-29,123.75,124.22,123.62,123.86,3684122.0
2014-09-02,121.97,122.08,121.43,121.65,10128581.0
2014-09-03,121.7,122.2,121.66,122.15,3415925.0
2014-09-04,122.48,122.66,121.25,121.48,7310640.0
2014-09-05,121.83,122.06,121.63,122.06,3490704.0
2014-09-08,121.58,121.61,120.37,120.73,7508620.0
2014-09-09,120.57,120.94,120.0,120.87,6157321.0
2014-09-10,120.13,120.54,119.64,120.26,7022579.0
2014-09-11,119.61,119.7,118.77,119.472,7618266.0
2014-09-12,118.63,118.9,118.07,118.38,8129457.0
2014-09-15,118.79,118.86,118.46,118.64,4778579.0
2014-09-16,118.85,119.43,118.44,118.83,6544481.0
2014-09-17,118.95,119.24,117.5,117.54,8328712.0
2014-09-18,117.41,118.09,117.19,117.78,5368874.0
2014-09-19,117.51,117.57,116.72,117.09,10931243.0
2014-09-22,116.72,117.37,116.58,116.85,7602075.0
2014-09-23,117.99,117.99,117.31,117.6,4667327.0
2014-09-24,117.12,117.719,116.9,117.05,5518416.0
2014-09-25,116.3,117.76,116.2,117.39,7640357.0
2014-09-26,117.02,117.1,116.58,117.06,4185425.0
2014-09-29,117.27,117.4,116.8999,117.03,4051047.0
2014-09-30,116.54,117.35,115.85,116.21,10174560.0
2014-10-01,116.61,117.26,116.59,116.77,7024201.0
2014-10-02,116.86,117.21,116.33,116.74,6352009.0
2014-10-03,115.17,115.51,114.42,114.61,11304593.0
2014-10-06,115.16,116.31,114.94,116.03,7647060.0
2014-10-07,116.31,116.63,116.09,116.36,5278476.0
2014-10-08,117.03,117.71,115.85,117.4701,10675551.0
2014-10-09,117.86,118.26,117.49,117.64,6612637.0
2014-10-10,117.7,117.74,117.19,117.59,4653307.0
2014-10-13,118.14,118.665,117.93,118.52,5397633.0
2014-10-14,118.58,118.82,118.351,118.59,5180665.0
2014-10-15,119.23,120.18,118.59,118.99,9460425.0
2014-10-16,119.02,119.65,118.8799,119.22,6550140.0
2014-10-17,119.06,119.23,118.42,118.99,8060834.0
2014-10-20,119.68,119.86,119.54,119.8,3034916.0
2014-10-21,120.27,120.5,119.905,120.02,4568269.0
2014-10-22,119.69,119.79,119.25,119.34,3741487.0
2014-10-23,118.71,118.82,117.88,118.52,6423205.0
2014-10-24,118.62,118.63,118.12,118.35,3611311.0
2014-10-27,118.18,118.37,118.01,118.06,2445376.0
2014-10-28,118.48,118.48,118.01,118.1,3262626.0
2014-10-29,117.65,117.91,116.14,116.41,7900772.0
2014-10-30,115.8,115.83,114.94,115.19,7852239.0
2014-10-31,111.83,112.88,111.655,112.66,18209615.0
2014-11-03,112.39,112.68,112.0,112.15,6605175.0
2014-11-04,112.12,112.71,112.08,112.22,6430111.0
2014-11-05,109.92,110.84,109.67,109.79,13560114.0
2014-11-06,109.92,110.49,109.75,109.88,7019854.0
2014-11-07,110.78,113.15,110.73,112.97,10916540.0
2014-11-10,112.24,112.24,110.28,110.46,8548523.0
2014-11-11,111.08,112.76,110.87,112.04,8603165.0
2014-11-12,112.05,112.17,111.23,111.5,5133300.0
2014-11-13,111.89,112.26,111.22,111.67,4874598.0
2014-11-14,110.76,114.72,110.6501,114.47,14173586.0
2014-11-17,113.97,114.27,113.56,114.05,5440990.0
2014-11-18,114.86,115.17,114.55,115.05,5586694.0
2014-11-19,114.93,115.35,112.88,113.68,11997742.0
2014-11-20,114.57,115.0156,114.09,114.86,5607779.0
2014-11-21,115.58,115.96,114.47,115.39,6564258.0
2014-11-24,115.15,115.3699,114.79,115.11,4695022.0
2014-11-25,115.1,115.47,114.9,115.38,9051813.0
2014-11-26,115.25,115.34,114.98,115.16,3184017.0
2014-11-28,113.53,113.83,111.95,112.11,9616332.0
2014-12-01,113.8,117.36,113.74,116.58,15643964.0
2014-12-02,115.13,115.7095,114.72,115.14,6378105.0
2014-12-03,115.68,116.76,115.56,116.33,5758821.0
2014-12-04,116.01,116.3399,115.61,115.88,3623615.0
2014-12-05,115.16,115.18,114.24,114.43,6330980.0
2014-12-08,114.97,116.16,114.46,115.78,5224491.0
2014-12-09,117.04,118.99,116.98,118.19,10467158.0
2014-12-10,118.15,118.47,117.81,117.96,4277427.0
2014-12-11,116.98,118.38,116.82,117.69,5214467.0
2014-12-12,117.39,117.8,116.68,117.41,4736535.0
2014-12-15,116.22,116.9698,114.36,114.39,8795987.0
2014-12-16,116.28,116.5,114.07,114.95,9173964.0
2014-12-17,115.1,115.48,113.58,114.27,9097329.0
2014-12-18,115.59,115.81,114.58,115.15,5258103.0
2014-12-19,115.06,115.22,114.77,114.77,4652333.0
2014-12-22,114.81,114.97,112.41,112.55,7483195.0
2014-12-23,112.88,113.32,112.61,112.74,7763327.0
2014-12-24,112.83,112.92,112.66,112.77,1501552.0
2014-12-26,114.82,114.98,114.53,114.83,3765581.0
2014-12-29,114.61,114.64,113.23,113.67,12963725.0
2014-12-30,114.99,116.26,114.9,115.2,7987311.0
2014-12-31,114.89,115.0,113.28,113.58,7624198.0
2015-01-02,112.49,114.8,112.32,114.08,7109594.0
2015-01-05,114.78,116.0,114.73,115.8,8177350.0
2015-01-06,116.22,117.5,115.8,117.12,11238313.0
2015-01-07,116.47,116.88,116.17,116.43,6434196.0
2015-01-08,116.45,116.87,115.85,115.94,7033675.0
2015-01-09,116.51,117.34,116.5,117.26,7962886.0
2015-01-12,117.46,118.71,117.32,118.56,8318211.0
2015-01-13,118.96,119.19,117.87,118.16,7693200.0
2015-01-14,119.08,119.32,117.9,117.97,7727403.0
2015-01-15,120.41,121.695,120.34,120.94,17692548.0
2015-01-16,121.73,123.15,121.705,122.52,14428223.0
2015-01-20,123.63,124.6,123.49,124.2,14968636.0
2015-01-21,125.18,125.34,123.37,124.23,11082739.0
2015-01-22,125.07,125.58,124.145,125.23,10518355.0
2015-01-23,124.43,124.5,123.35,124.23,6270911.0
2015-01-26,123.33,123.3447,122.52,122.99,6768646.0
2015-01-27,123.56,124.64,123.51,124.4,9584838.0
2015-01-28,123.52,123.89,122.94,123.42,8470574.0
2015-01-29,121.99,122.29,120.26,120.76,11997964.0
2015-01-30,121.3,123.55,120.915,123.45,14555862.0
2015-02-02,121.84,123.155,121.82,122.42,8885189.0
2015-02-03,121.74,121.76,120.5648,121.05,8255863.0
2015-02-04,121.63,122.22,120.92,121.58,5386747.0
2015-02-05,120.98,121.83,120.61,121.79,6879945.0
2015-02-06,119.15,119.52,117.95,118.64,13206906.0
2015-02-09,118.83,119.4,118.77,119.17,5237181.0
2015-02-10,118.63,119.06,118.21,118.47,4086321.0
2015-02-11,118.49,118.57,117.0,117.07,6784397.0
2015-02-12,117.68,117.82,117.09,117.34,4344444.0
2015-02-13,118.05,118.58,117.79,117.98,4108870.0
2015-02-17,116.4,116.54,115.58,116.01,7225154.0
2015-02-18,115.99,116.53,114.99,116.34,8336029.0
2015-02-19,116.4,116.54,115.74,115.94,6528724.0
2015-02-20,116.1,116.455,115.05,115.28,6681734.0
2015-02-23,115.11,116.22,115.07,115.43,4812393.0
2015-02-24,115.0,115.55,114.29,115.26,7612919.0
2015-02-25,115.83,115.89,115.33,115.7,5032535.0
2015-02-26,116.54,116.55,115.83,116.07,4025356.0
2015-02-27,116.74,117.07,116.16,116.16,8255636.0
2015-03-02,116.5,116.64,115.62,115.68,7993280.0
2015-03-03,116.04,116.61,115.35,115.47,4738347.0
2015-03-04,115.7,115.79,115.02,115.11,4762403.0
2015-03-05,115.43,116.12,114.84,115.0,5872197.0
2015-03-06,113.17,113.26,111.7,111.86,11190846.0
2015-03-09,112.42,112.62,111.95,111.97,5534011.0
2015-03-10,112.09,112.35,111.22,111.42,7019781.0
2015-03-11,111.23,111.25,110.16,110.75,6550445.0
2015-03-12,111.15,111.2,110.25,110.72,6631459.0
2015-03-13,111.1,111.28,110.51,110.88,4557576.0
2015-03-16,111.09,111.205,110.42,110.81,3265305.0
2015-03-17,109.92,111.35,109.77,110.21,8923264.0
2015-03-18,110.33,112.87,110.09,112.37,12448040.0
2015-03-19,111.85,112.58,111.58,112.29,6537743.0
2015-03-20,112.71,114.0,112.67,113.57,8033444.0
2015-03-23,113.7,114.3701,113.4899,114.29,4240258.0
2015-03-24,114.35,114.6499,113.82,114.57,2979338.0
2015-03-25,115.11,115.14,114.65,114.73,3021437.0
2015-03-26,115.73,115.84,115.34,115.48,5495161.0
2015-03-27,115.14,115.36,114.45,115.06,4921741.0
2015-03-30,113.9,114.01,113.54,113.75,4383858.0
2015-03-31,113.84,114.28,113.4065,113.66,4383314.0
2015-04-01,114.56,115.99,114.54,115.6,7324008.0
2015-04-02,115.47,115.72,114.68,115.28,3884072.0
2015-04-06,117.32,117.47,116.52,116.69,5914163.0
2015-04-07,116.27,116.51,115.94,116.11,2468498.0
2015-04-08,115.98,116.03,114.9,115.47,5568527.0
2015-04-09,114.8,114.85,114.48,114.67,4707044.0
2015-04-10,116.0,116.19,115.5,115.966,3932404.0
2015-04-13,115.35,115.3899,114.8,115.14,3190149.0
2015-04-14,114.69,115.07,114.39,114.44,3651459.0
2015-04-15,114.8,115.6,114.47,115.43,3655950.0
2015-04-16,115.55,115.66,114.64,115.03,3132336.0
2015-04-17,115.38,115.79,115.23,115.6,3496313.0
2015-04-20,114.82,114.95,114.3162,114.72,3932756.0
2015-04-21,114.72,115.56,114.65,115.38,3317715.0
2015-04-22,114.83,114.96,113.77,113.83,5695960.0
2015-04-23,113.9,114.96,113.81,114.66,3459495.0
2015-04-24,113.96,114.07,112.77,113.05,7152913.0
2015-04-27,113.87,115.82,113.67,115.33,7487557.0
2015-04-28,115.36,116.62,115.34,116.33,8054361.0
2015-04-29,116.06,116.39,115.28,115.51,7170477.0
2015-04-30,113.88,113.88,112.96,113.47,9440253.0
2015-05-01,112.42,113.3089,112.28,113.08,7597006.0
2015-05-04,114.18,114.44,113.88,114.1,3648052.0
2015-05-05,114.89,115.11,114.39,114.42,3856520.0
2015-05-06,114.59,114.75,114.02,114.36,3280733.0
2015-05-07,113.84,114.01,113.32,113.42,5455090.0
2015-05-08,114.34,114.43,113.59,113.97,9964072.0
2015-05-11,114.09,114.31,113.08,113.53,2916745.0
2015-05-12,114.1,114.67,114.0648,114.5,3256715.0
2015-05-13,115.74,116.93,115.68,116.55,11768224.0
2015-05-14,117.28,117.75,117.03,117.18,6923017.0
2015-05-15,116.8,117.63,116.68,117.53,4447333.0
2015-05-18,117.78,117.88,117.27,117.52,5079850.0
2015-05-19,116.55,116.73,115.65,115.89,5052147.0
2015-05-20,116.03,116.38,115.76,116.08,4432556.0
2015-05-21,115.53,116.0,115.47,115.69,2514693.0
2015-05-22,115.51,115.93,115.32,115.6,1780191.0
2015-05-26,113.84,114.23,113.7,113.91,5769580.0
2015-05-27,113.78,114.0149,113.63,113.89,2681069.0
2015-05-28,113.85,114.16,113.21,114.02,5266016.0
2015-05-29,114.14,114.48,114.0,114.1,3407489.0
2015-06-01,115.02,115.5,113.9,114.0,8254034.0
2015-06-02,114.36,114.645,114.17,114.46,3988639.0
2015-06-03,114.13,114.37,113.08,113.64,4886054.0
2015-06-04,112.98,113.1497,112.48,112.84,5566618.0
2015-06-05,111.6,112.39,111.5668,112.24,5561283.0
2015-06-08,112.39,112.6599,112.13,112.57,3122078.0
2015-06-09,113.15,113.23,112.71,112.82,3529924.0
2015-06-10,114.14,114.14,113.69,113.78,5452863.0
2015-06-11,113.27,113.41,112.92,113.26,4434731.0
2015-06-12,113.06,113.499,112.96,113.23,2998483.0
2015-06-15,113.28,114.15,113.21,113.73,5055086.0
2015-06-16,113.08,113.45,112.789,113.32,4033268.0
2015-06-17,113.07,114.04,112.63,113.85,6455983.0
2015-06-18,115.19,115.61,114.89,115.32,8041255.0
2015-06-19,115.34,115.46,114.95,115.12,4611647.0
2015-06-22,113.79,113.94,113.34,113.64,5763662.0
2015-06-23,112.96,113.17,112.79,112.89,4522797.0
2015-06-24,112.48,112.74,112.31,112.59,2975539.0
2015-06-25,112.43,112.71,112.32,112.44,2904711.0
2015-06-26,112.2,112.68,112.13,112.56,4392589.0
2015-06-29,112.81,113.23,112.53,113.07,5820226.0
2015-06-30,112.24,113.05,111.84,112.37,7897042.0
2015-07-01,112.12,112.51,111.94,111.98,4409026.0
2015-07-02,111.66,111.839,111.41,111.76,3838553.0
2015-07-06,111.71,112.58,111.63,112.06,4259775.0
2015-07-07,111.08,111.14,110.05,110.76,9073403.0
2015-07-08,111.38,111.65,111.08,111.09,5694941.0
2015-07-09,111.8,111.93,111.15,111.36,3802857.0
2015-07-10,111.18,111.71,111.03,111.49,3594918.0
2015-07-13,110.43,111.14,110.36,110.99,4279310.0
2015-07-14,111.0,111.075,110.63,110.74,2600955.0
2015-07-15,110.0,110.1914,109.58,110.16,9286201.0
2015-07-16,109.67,110.01,109.6,109.76,4629683.0
2015-07-17,109.11,109.16,108.4,108.65,14858273.0
2015-07-20,106.6,106.65,105.62,105.7,15751735.0
2015-07-21,105.81,106.32,105.25,105.37,10519791.0
2015-07-22,104.39,105.09,104.18,104.8,8349201.0
2015-07-23,104.98,105.3,104.2,104.33,5779289.0
2015-07-24,103.61,105.59,103.431,105.35,11572679.0
2015-07-27,104.94,105.68,104.66,104.86,10690142.0
2015-07-28,105.09,105.33,104.83,105.02,5549222.0
2015-07-29,104.93,105.63,104.49,105.17,5616909.0
2015-07-30,104.03,104.97,103.86,104.27,6651960.0
2015-07-31,105.41,105.75,104.69,104.93,6689175.0
2015-08-03,104.59,104.82,104.05,104.1,3528596.0
2015-08-04,104.56,104.75,103.95,104.31,3241016.0
2015-08-05,104.42,104.5038,103.78,103.93,5041015.0
2015-08-06,104.15,104.86,104.14,104.39,3908124.0
2015-08-07,104.56,105.38,104.55,104.65,4400915.0
2015-08-10,105.03,106.27,104.9172,105.72,5892602.0
2015-08-11,106.49,106.63,105.77,106.26,4060892.0
2015-08-12,106.99,107.91,106.93,107.75,10022547.0
2015-08-13,106.95,107.18,106.71,106.86,4761682.0
2015-08-14,107.07,107.41,106.543,106.85,3509238.0
2015-08-17,107.37,107.51,107.0,107.13,5769080.0
2015-08-18,106.67,107.33,106.31,107.11,4121839.0
2015-08-19,107.63,108.67,107.63,108.55,7034568.0
2015-08-20,109.81,110.61,109.7,110.44,12549017.0
2015-08-21,110.93,111.33,110.12,111.13,13917638.0
2015-08-24,111.54,112.12,109.77,110.53,18388730.0
2015-08-25,110.01,110.05,108.72,109.16,9974186.0
2015-08-26,107.72,108.06,107.08,107.67,10856643.0
2015-08-27,107.39,108.04,107.11,107.73,8102071.0
2015-08-28,108.17,109.3,108.12,108.7,7558923.0
2015-08-31,108.19,108.92,108.03,108.82,4532081.0
2015-09-01,109.63,109.77,108.94,109.2,7077848.0
2015-09-02,109.01,109.34,108.46,108.62,4115731.0
2015-09-03,107.77,108.32,107.56,107.84,3913100.0
2015-09-04,107.14,107.56,107.07,107.49,4025022.0
2015-09-08,107.6,107.94,107.31,107.52,5982061.0
2015-09-09,106.64,106.71,105.48,106.13,8855138.0
2015-09-10,106.61,106.698,106.18,106.38,6203955.0
2015-09-11,105.65,106.2,105.27,106.16,4023894.0
2015-09-14,105.86,106.39,105.78,106.22,2350848.0
2015-09-15,105.83,106.06,105.68,105.9,2904958.0
2015-09-16,106.6,107.709,106.56,107.31,5315633.0
2015-09-17,107.07,108.58,106.96,108.41,8403849.0
2015-09-18,109.1,109.38,108.82,109.21,6794284.0
2015-09-21,108.49,108.66,108.328,108.53,4104752.0
2015-09-22,107.58,107.96,107.44,107.79,5483262.0
2015-09-23,108.54,108.64,108.2,108.22,2744177.0
2015-09-24,109.67,110.82,109.63,110.49,11024343.0
2015-09-25,109.87,110.03,109.55,109.81,5209493.0
2015-09-28,108.37,108.91,108.27,108.42,3809622.0
2015-09-29,108.24,108.69,107.88,107.98,4043592.0
2015-09-30,106.78,107.075,106.47,106.86,7405576.0
2015-10-01,106.98,107.21,106.63,106.73,4278592.0
2015-10-02,108.54,109.3199,108.54,108.99,7730647.0
2015-10-05,109.14,109.38,108.46,108.77,5490200.0
2015-10-06,109.8,110.26,109.63,109.86,7513898.0
2015-10-07,109.75,110.14,109.34,109.7,5355489.0
2015-10-08,109.16,110.27,109.06,109.14,5038194.0
2015-10-09,110.54,111.05,110.23,110.87,7907263.0
2015-10-12,111.67,111.7324,111.01,111.31,6257945.0
2015-10-13,111.36,111.87,111.28,111.86,5149627.0
2015-10-14,112.63,113.95,112.3,113.81,10207765.0
2015-10-15,113.2,113.99,112.94,113.29,14083929.0
2015-10-16,113.24,113.44,112.43,112.49,7328038.0
2015-10-19,112.64,112.69,111.89,112.02,3959383.0
2015-10-20,112.38,113.09,112.38,112.73,4903225.0
2015-10-21,112.37,112.37,111.41,111.73,3908787.0
2015-10-22,111.52,112.21,111.43,111.69,3436365.0
2015-10-23,111.81,111.84,110.9601,111.5,4868351.0
2015-10-26,111.73,111.98,111.33,111.43,2573512.0
2015-10-27,111.31,111.81,111.29,111.68,2646105.0
2015-10-28,112.68,113.25,110.31,110.78,8201197.0
2015-10-29,110.23,110.6,109.66,109.72,5150835.0
2015-10-30,109.5,109.58,109.06,109.3,5543162.0
2015-11-02,108.64,108.84,108.46,108.59,5843311.0
2015-11-03,107.79,107.8094,106.68,106.98,7145264.0
2015-11-04,107.02,107.09,105.92,105.97,7617813.0
2015-11-05,106.01,106.1,105.58,105.64,5931124.0
2015-11-06,104.17,104.42,104.02,104.1,8831874.0
2015-11-09,104.29,104.58,104.19,104.4,4129199.0
2015-11-10,104.09,104.65,103.87,104.18,4450764.0
2015-11-11,104.09,104.23,103.78,103.83,3527590.0
2015-11-12,103.09,104.32,103.04,103.85,6300546.0
2015-11-13,103.54,103.74,103.45,103.56,3224207.0
2015-11-16,103.98,104.03,103.515,103.71,2951244.0
2015-11-17,103.38,103.3999,101.98,102.34,8593070.0
2015-11-18,102.39,102.95,102.04,102.43,5043766.0
2015-11-19,103.07,104.09,103.07,103.56,5087639.0
2015-11-20,103.58,103.66,102.97,103.09,5971643.0
2015-11-23,102.48,102.75,102.16,102.26,4042473.0
2015-11-24,103.12,103.25,102.69,102.94,3479620.0
2015-11-25,102.47,102.69,102.21,102.46,2931291.0
2015-11-27,101.01,101.62,100.99,101.25,4993553.0
2015-11-30,101.53,102.38,101.52,101.92,6772983.0
2015-12-01,102.3,102.43,101.81,102.28,4645916.0
2015-12-02,101.35,101.35,100.53,100.69,10223492.0
2015-12-03,101.23,101.97,100.845,101.76,6499935.0
2015-12-04,102.74,104.21,102.65,104.02,10670249.0
2015-12-07,103.32,103.37,102.5,102.67,4393461.0
2015-12-08,103.13,103.26,102.53,102.84,3412291.0
2015-12-09,103.63,103.66,102.32,102.64,6026283.0
2015-12-10,102.51,102.825,102.34,102.55,3853545.0
2015-12-11,101.91,103.32,101.85,103.11,6798161.0
2015-12-14,102.58,102.72,101.74,101.79,5563778.0
2015-12-15,101.71,102.06,101.41,101.52,6831064.0
2015-12-16,102.59,103.2,101.66,102.75,8292194.0
2015-12-17,100.92,100.99,100.2326,100.5,10156223.0
2015-12-18,101.35,102.53,101.3,102.04,8345864.0
2015-12-21,102.95,103.52,102.83,103.15,6378892.0
2015-12-22,103.09,103.2,102.5599,102.61,4123512.0
2015-12-23,102.4,102.59,102.21,102.31,2821380.0
2015-12-24,102.82,103.05,102.77,103.05,1710153.0
2015-12-28,102.48,102.5962,102.03,102.27,3356190.0
2015-12-29,102.52,102.58,102.11,102.2,2832238.0
2015-12-30,101.47,101.6,101.345,101.42,3744959.0
2015-12-31,101.48,101.72,101.31,101.46,3823564.0
2016-01-04,103.13,103.67,102.485,102.89,6439982.0
2016-01-05,103.13,103.46,102.93,103.18,3500272.0
2016-01-06,104.37,104.8,103.93,104.67,9316599.0
2016-01-07,105.83,106.237,105.19,106.15,11730376.0
2016-01-08,105.48,105.8,105.04,105.68,7678153.0
2016-01-11,105.47,105.566,104.71,104.74,6272359.0
2016-01-12,104.09,104.59,103.65,104.21,5540231.0
2016-01-13,103.89,104.8199,103.78,104.72,7324203.0
2016-01-14,103.75,104.18,102.4985,103.02,9989065.0
2016-01-15,104.92,104.96,103.965,104.08,10052735.0
2016-01-19,104.06,104.45,103.65,103.98,4588405.0
2016-01-20,105.17,106.16,104.94,105.37,10120876.0
2016-01-21,104.99,105.49,104.515,105.49,5425032.0
2016-01-22,104.93,105.51,104.76,105.0,4185326.0
2016-01-25,105.76,106.09,105.6,106.08,6819409.0
2016-01-26,106.32,107.43,106.255,107.29,8443381.0
2016-01-27,106.86,107.93,106.65,107.69,8273353.0
2016-01-28,106.55,106.86,106.48,106.54,5914192.0
2016-01-29,106.61,107.0,106.26,106.9492,8098682.0
2016-02-01,107.54,108.15,107.53,108.05,10471814.0
2016-02-02,107.92,108.18,107.35,108.09,6656018.0
2016-02-03,107.91,109.58,107.9,109.25,15785215.0
2016-02-04,110.45,110.7,109.92,110.57,13213681.0
2016-02-05,109.79,112.35,109.58,112.32,14777267.0
2016-02-08,113.67,114.8692,113.39,113.83,28341176.0
2016-02-09,114.43,114.69,113.55,113.58,18156696.0
2016-02-10,113.92,114.52,112.98,114.46,13311118.0
2016-02-11,118.59,120.84,117.77,119.0592,49138983.0
2016-02-12,118.12,118.74,117.88,118.36,16981163.0
2016-02-16,116.0,116.31,114.74,114.77,14601662.0
2016-02-17,115.47,116.07,114.89,115.48,10582440.0
2016-02-18,115.3,118.595,115.29,118.29,13586529.0
2016-02-19,117.26,117.965,117.1,117.58,15191950.0
2016-02-22,115.44,116.19,115.41,115.49,10677842.0
2016-02-23,116.68,117.42,116.52,117.22,9033429.0
2016-02-24,119.0,119.86,117.35,117.61,17938767.0
2016-02-25,117.62,118.91,117.5401,117.92,12500275.0
2016-02-26,117.43,117.72,115.8637,117.11,12505077.0
2016-02-29,117.59,118.7,117.53,118.64,11517545.0
2016-03-01,118.74,119.11,117.34,117.77,14139278.0
2016-03-02,118.34,118.97,118.07,118.68,8903045.0
2016-03-03,118.86,121.3,118.81,120.73,18724053.0
2016-03-04,121.13,122.37,120.22,120.54,16261054.0
2016-03-07,121.18,121.5801,120.41,121.14,9358611.0
2016-03-08,121.79,121.88,120.47,120.58,11530989.0
2016-03-09,119.2,120.39,118.84,119.58,8672862.0
2016-03-10,120.5,121.76,120.42,121.5,18104896.0
2016-03-11,121.19,121.385,119.36,119.41,10831135.0
2016-03-14,120.27,120.31,117.5,117.87,14256598.0
2016-03-15,117.78,118.04,117.36,117.96,9949030.0
2016-03-16,117.42,120.76,117.34,120.59,17333961.0
2016-03-17,121.16,121.18,120.03,120.13,9912732.0
2016-03-18,119.59,120.34,119.51,119.8,16965893.0
2016-03-21,119.0,119.33,118.73,118.96,7240640.0
2016-03-22,119.73,120.16,118.96,119.31,6786752.0
2016-03-23,116.74,117.12,116.16,116.61,15993672.0
2016-03-24,116.77,116.94,116.3,116.33,6280937.0
2016-03-28,116.73,116.91,116.27,116.6,3879076.0
2016-03-29,117.36,118.81,116.8,118.76,14472350.0
2016-03-30,117.88,118.2,116.91,117.1,10769071.0
2016-03-31,118.161,118.39,117.6,117.64,9348249.0
2016-04-01,116.08,116.98,115.55,116.93,10405379.0
2016-04-04,116.67,116.73,116.07,116.15,7643738.0
2016-04-05,117.76,117.93,117.15,117.66,8865906.0
2016-04-06,116.7,117.385,116.26,116.94,7549435.0
2016-04-07,118.65,118.85,115.0,118.61,11900452.0
2016-04-08,118.07,118.77,117.98,118.43,9078874.0
2016-04-11,119.47,120.3,119.42,120.03,9845964.0
2016-04-12,120.23,120.345,119.55,120.05,9689464.0
2016-04-13,119.37,119.43,118.56,118.77,8841545.0
2016-04-14,118.09,118.1869,116.95,117.11,13165804.0
2016-04-15,117.33,118.12,117.19,117.92,7838146.0
2016-04-18,118.53,118.56,117.63,117.74,5809803.0
2016-04-19,119.87,120.09,119.37,119.58,21031520.0
2016-04-20,119.67,120.08,118.721,118.97,10233193.0
2016-04-21,120.42,120.55,119.13,119.42,14612767.0
2016-04-22,118.71,119.02,117.28,117.89,10047007.0
2016-04-25,118.14,118.7122,118.11,118.23,4369353.0
2016-04-26,118.79,118.89,118.45,118.7,9906835.0
2016-04-27,118.97,119.7,118.43,119.04,7976411.0
2016-04-28,119.92,121.42,119.7301,121.29,15133641.0
2016-04-29,122.43,123.93,122.34,123.65,19043902.0
2016-05-02,123.78,123.96,123.045,123.24,12137459.0
2016-05-03,123.73,123.82,122.51,122.96,9063588.0
2016-05-04,122.85,123.23,121.51,122.21,9398242.0
2016-05-05,122.63,122.7325,121.25,122.07,8846907.0
2016-05-06,122.83,123.805,122.5876,123.18,11366823.0
2016-05-09,121.2,121.285,120.59,120.65,9236166.0
2016-05-10,120.74,121.38,120.08,120.98,9844957.0
2016-05-11,121.85,122.16,121.38,122.12,7590081.0
2016-05-12,122.02,122.39,121.0,121.16,7447120.0
2016-05-13,121.09,121.86,120.66,121.71,7672825.0
2016-05-16,122.93,122.97,121.38,121.8,7103042.0
2016-05-17,121.58,122.52,121.48,122.22,8619848.0
2016-05-18,121.22,121.92,119.88,120.1,13381728.0
2016-05-19,119.0,119.975,118.9201,119.87,14339652.0
2016-05-20,120.19,120.32,119.31,119.71,10379355.0
2016-05-23,118.86,119.6,118.75,119.37,8628234.0
2016-05-24,118.17,118.23,117.25,117.3,12772047.0
2016-05-25,116.59,117.0599,116.32,116.98,10499963.0
2016-05-26,117.57,117.63,116.39,116.58,5893510.0
2016-05-27,116.27,116.36,115.29,115.62,8686689.0
2016-05-31,115.76,116.4,115.5,116.06,8187605.0
2016-06-01,115.97,116.135,115.2,115.94,8399598.0
2016-06-02,115.78,115.97,115.58,115.67,4591562.0
2016-06-03,118.25,118.89,118.23,118.88,14605056.0
2016-06-06,118.89,119.17,118.455,118.92,9887863.0
2016-06-07,118.5,119.02,118.41,118.82,4602865.0
2016-06-08,120.3,120.78,120.23,120.58,11661736.0
2016-06-09,120.61,121.4829,120.55,121.25,12173954.0
2016-06-10,121.55,122.1,121.175,121.74,13939966.0
2016-06-13,122.8,122.83,122.03,122.64,12594223.0
2016-06-14,123.0,123.06,122.3,122.77,11651694.0
2016-06-15,122.52,123.87,122.38,123.68,15053005.0
2016-06-16,125.17,125.67,122.23,122.38,26635004.0
2016-06-17,123.26,124.1,122.69,123.95,15573825.0
2016-06-20,122.26,123.33,122.13,123.21,11866200.0
2016-06-21,121.65,121.86,120.77,120.84,14585633.0
2016-06-22,120.83,121.25,120.68,120.9,7861000.0
2016-06-23,120.48,121.03,120.06,120.11,10704904.0
2016-06-24,126.62,126.82,125.0,126.01,35782892.0
2016-06-27,126.44,127.05,125.83,126.68,21400484.0
2016-06-28,125.56,126.02,125.06,125.32,16001451.0
2016-06-29,125.91,126.81,125.7,125.84,12218444.0
2016-06-30,125.95,126.52,125.5,126.47,15981577.0
2016-07-01,127.66,128.42,127.44,128.41,14940706.0
2016-07-05,128.8,129.59,128.17,129.47,19026247.0
2016-07-06,130.5,131.15,129.82,130.23,17376671.0
2016-07-07,129.82,130.12,128.98,129.74,16508526.0
2016-07-08,129.85,130.52,128.97,130.52,17634218.0
2016-07-11,129.49,129.895,129.16,129.29,10855630.0
2016-07-12,128.52,128.54,126.99,127.15,26459620.0
2016-07-13,128.0,128.43,127.61,128.32,7377686.0
2016-07-14,126.31,127.37,126.03,127.33,12132423.0
2016-07-15,126.38,127.19,126.33,126.84,13892073.0
2016-07-18,127.02,127.5,126.63,127.04,8489677.0
2016-07-19,126.95,127.35,126.82,127.21,5170665.0
2016-07-20,125.5,126.12,125.31,125.39,11777708.0
2016-07-21,125.66,127.37,125.6,127.3,9399212.0
2016-07-22,126.43,126.52,126.01,126.35,7716032.0
2016-07-25,125.53,126.21,125.11,125.47,13139408.0
2016-07-26,126.09,126.14,125.745,126.0,7613155.0
2016-07-27,126.79,128.12,126.04,128.03,17066363.0
2016-07-28,128.09,128.2,127.205,127.66,9261756.0
2016-07-29,128.42,129.41,127.88,128.98,13708194.0
2016-08-01,128.57,129.34,128.56,129.22,7109898.0
2016-08-02,130.04,130.55,129.9449,130.27,7652767.0
2016-08-03,129.95,129.96,129.27,129.65,5010703.0
2016-08-04,130.01,130.28,129.82,129.87,4908131.0
2016-08-05,128.46,128.5466,127.39,127.55,16205122.0
2016-08-08,127.29,127.7,127.274,127.44,6773804.0
2016-08-09,127.94,128.14,127.75,127.96,7500421.0
2016-08-10,129.12,129.2006,128.15,128.56,6196202.0
2016-08-11,128.61,129.19,127.475,127.67,9763821.0
2016-08-12,129.12,129.26,127.2,127.4,15395846.0
2016-08-15,127.62,128.25,127.6,127.84,4530841.0
2016-08-16,128.12,129.04,128.0,128.47,8678143.0
2016-08-17,128.17,128.99,127.46,128.5,12034752.0
2016-08-18,128.89,129.17,128.58,129.11,9500636.0
2016-08-19,128.08,128.67,127.855,127.97,10660119.0
2016-08-22,127.63,127.92,127.45,127.78,8627222.0
2016-08-23,128.14,128.22,127.61,127.76,9038482.0
2016-08-24,126.92,126.9663,126.295,126.34,13539655.0
2016-08-25,125.98,126.31,125.96,126.23,5926294.0
2016-08-26,126.88,128.11,125.82,126.05,17967738.0
2016-08-29,126.0,126.48,125.93,126.3,5562409.0
2016-08-30,125.73,125.95,124.88,125.03,9877044.0
2016-08-31,124.73,125.11,124.64,124.78,13324105.0
2016-09-01,124.67,125.51,124.55,125.29,12877745.0
2016-09-02,126.29,126.57,125.58,126.57,11318572.0
2016-09-06,127.4,129.08,127.27,128.71,15115279.0
2016-09-07,128.79,128.86,128.12,128.27,8859847.0
2016-09-08,128.16,128.52,127.4,127.59,10561791.0
2016-09-09,127.24,127.51,126.7,126.75,12485597.0
2016-09-12,126.31,126.92,125.97,126.59,11140336.0
2016-09-13,126.47,126.6,125.53,125.75,8866372.0
2016-09-14,126.1,126.54,126.03,126.18,5820694.0
2016-09-15,125.73,126.1,124.91,125.37,12978856.0
2016-09-16,124.81,125.245,124.67,125.06,18995065.0
2016-09-19,125.61,125.62,125.25,125.32,4959637.0
2016-09-20,125.31,125.59,125.17,125.44,5672021.0
2016-09-21,126.33,127.42,125.96,127.27,13646448.0
2016-09-22,127.57,128.2,127.5,127.57,15188007.0
2016-09-23,127.6,127.86,127.43,127.65,7702291.0
2016-09-26,127.96,128.035,127.42,127.55,5842740.0
2016-09-27,126.86,126.9,126.341,126.62,6220662.0
2016-09-28,126.25,126.4,125.73,126.22,6757652.0
2016-09-29,125.84,126.34,125.54,126.07,7448407.0
2016-09-30,126.52,126.55,125.235,125.64,11204261.0
2016-10-03,125.32,125.46,124.9,125.32,9044105.0
2016-10-04,123.16,123.18,120.86,120.97,24372722.0
2016-10-05,121.33,121.59,120.4,120.78,14718120.0
2016-10-06,119.69,119.98,119.24,119.66,17917672.0
2016-10-07,120.49,120.58,118.42,119.74,17907270.0
2016-10-10,120.16,120.42,119.92,120.16,4514368.0
2016-10-11,119.92,120.16,119.53,119.55,6065330.0
2016-10-12,119.72,120.07,119.289,119.74,4848622.0
2016-10-13,120.0,120.42,119.8,120.03,7184647.0
2016-10-14,119.37,120.16,119.29,119.36,6577309.0
2016-10-17,119.7,119.92,119.58,119.68,4777878.0
2016-10-18,120.08,120.64,119.82,120.42,4919730.0
2016-10-19,121.13,121.4565,120.89,121.11,6019772.0
2016-10-20,121.39,121.59,120.63,120.74,6496724.0
2016-10-21,120.9,120.925,120.55,120.83,6707783.0
2016-10-24,121.28,121.3,120.16,120.56,5481119.0
2016-10-25,120.89,121.76,120.855,121.47,6141110.0
2016-10-26,121.37,121.53,120.61,120.79,3905914.0
2016-10-27,121.11,121.18,120.75,121.01,4335994.0
2016-10-28,121.2,122.48,120.81,121.58,11639887.0
2016-10-31,121.51,122.0,121.23,121.94,7722055.0
2016-11-01,122.8,123.21,122.57,122.73,13384307.0
2016-11-02,123.76,124.76,123.56,123.64,15692420.0
2016-11-03,123.36,124.33,123.35,124.3,10093107.0
2016-11-04,124.4,124.54,124.04,124.39,8594613.0
2016-11-07,122.66,122.71,121.88,122.15,10014986.0
2016-11-08,122.12,123.09,121.36,121.64,9480647.0
2016-11-09,124.3,124.35,121.105,121.56,18236450.0
2016-11-10,121.52,121.54,119.38,119.75,22267962.0
2016-11-11,119.65,119.69,116.23,117.1,20381828.0
2016-11-14,116.12,117.14,115.49,116.11,20729377.0
2016-11-15,116.46,117.24,116.29,117.12,9348572.0
2016-11-16,117.27,117.27,116.58,116.77,5486129.0
2016-11-17,116.91,117.22,115.44,116.17,10342274.0
2016-11-18,115.52,115.77,114.96,115.15,10444285.0
2016-11-21,115.72,115.94,115.29,115.58,6654155.0
2016-11-22,115.72,115.79,114.98,115.54,6391928.0
2016-11-23,113.87,113.88,112.65,113.25,20982117.0
2016-11-25,113.42,113.51,112.35,112.61,5345889.0
2016-11-28,113.23,113.84,112.77,113.8,5655402.0
2016-11-29,112.76,113.48,112.6901,113.27,7438616.0
2016-11-30,112.69,112.79,111.5,111.75,10925538.0
2016-12-01,111.11,111.99,110.63,111.54,10236970.0
2016-12-02,111.89,112.32,111.78,112.14,7416468.0
2016-12-05,111.15,112.11,110.31,111.54,10187891.0
2016-12-06,111.69,112.03,111.19,111.43,5533689.0
2016-12-07,112.13,112.5,111.77,111.83,4901840.0
2016-12-08,111.72,111.8711,111.46,111.57,5977792.0
2016-12-09,111.18,111.25,110.19,110.4,10507697.0
2016-12-12,110.59,111.11,110.2659,110.82,6156469.0
2016-12-13,110.57,110.79,110.06,110.45,7961600.0
2016-12-14,110.95,110.98,108.52,108.83,12933647.0
2016-12-15,107.85,107.99,107.0,107.34,14427539.0
2016-12-16,107.95,108.78,107.475,108.05,10602807.0
2016-12-19,108.6,108.88,108.34,108.59,5339066.0
2016-12-20,107.47,107.997,107.2942,107.79,7321100.0
2016-12-21,108.25,108.3125,107.68,107.85,5188680.0
2016-12-22,107.68,108.1,107.49,107.59,4942759.0
2016-12-23,107.84,108.25,107.8,107.93,5012242.0
2016-12-27,108.61,108.67,108.24,108.56,3685504.0
2016-12-28,108.4,108.91,108.29,108.86,5091228.0
2016-12-29,109.23,110.53,109.16,110.29,7563896.0
2016-12-30,110.38,110.62,109.53,109.61,8873725.0
2017-01-03,109.62,111.0,109.37,110.47,7527353.0
2017-01-04,111.06,111.22,110.61,110.86,4904119.0
2017-01-05,112.16,112.94,112.07,112.58,9606761.0
2017-01-06,111.81,112.38,111.57,111.75,7686070.0
2017-01-09,112.39,113.0399,112.18,112.67,5674636.0
2017-01-10,112.94,113.45,112.635,113.15,6093404.0
2017-01-11,112.87,114.19,112.17,113.5,9918689.0
2017-01-12,114.52,114.93,113.805,113.91,8457319.0
2017-01-13,113.65,114.31,113.19,114.21,7261454.0
2017-01-17,115.89,115.96,115.495,115.85,9142370.0
2017-01-18,115.74,115.92,114.56,114.87,6498109.0
2017-01-19,114.32,114.96,113.935,114.77,6437008.0
2017-01-20,114.65,115.76,114.32,115.05,12261510.0
2017-01-23,115.51,116.17,115.2,115.79,6373102.0
2017-01-24,115.69,116.02,114.94,115.27,5798840.0
2017-01-25,114.14,114.44,113.68,114.32,6697523.0
2017-01-26,113.24,113.505,112.83,113.26,5390463.0
2017-01-27,112.93,113.545,112.81,113.49,6706135.0
2017-01-30,113.61,114.3,113.535,113.97,7687782.0
2017-01-31,115.27,115.8173,115.18,115.55,10421882.0
2017-02-01,114.66,115.45,114.14,115.2,6932889.0
2017-02-02,116.26,116.57,115.625,115.84,7189461.0
2017-02-03,115.73,116.365,115.71,116.13,9455464.0
2017-02-06,117.07,117.74,116.74,117.7,8547843.0
2017-02-07,117.31,117.74,117.2,117.46,8621039.0
2017-02-08,118.09,118.59,117.81,118.19,9633443.0
2017-02-09,118.32,118.58,117.2,117.29,8177210.0
2017-02-10,116.68,117.86,116.67,117.6,9072146.0
2017-02-13,116.73,116.95,116.15,116.8,7354924.0
2017-02-14,117.51,117.56,116.38,116.93,6927842.0
2017-02-15,116.33,117.48,116.2466,117.45,7088419.0
2017-02-16,117.93,118.35,117.83,118.08,6378650.0
2017-02-17,118.19,118.4,117.6201,117.68,7338065.0
2017-02-21,117.04,118.0,116.77,117.75,6166875.0
2017-02-22,117.86,118.02,117.24,117.91,6057179.0
2017-02-23,118.76,119.155,118.675,118.94,7523304.0
2017-02-24,119.74,119.88,119.25,119.7,9808957.0
2017-02-27,119.73,120.4,119.12,119.12,9263499.0
2017-02-28,119.71,119.84,118.82,119.23,8727832.0
2017-03-01,117.98,119.12,117.95,119.06,8679637.0
2017-03-02,117.76,118.34,117.225,117.58,10986262.0
2017-03-03,116.95,117.73,116.44,117.51,10665818.0
2017-03-06,117.35,117.35,116.63,116.72,4883547.0
2017-03-07,116.13,116.25,115.615,115.78,6846277.0
2017-03-08,114.99,115.36,114.945,115.06,7620924.0
2017-03-09,114.78,115.025,114.405,114.47,6410916.0
2017-03-10,114.45,114.73,114.13,114.72,7929500.0
2017-03-13,114.63,114.91,114.505,114.74,5807391.0
2017-03-14,114.54,115.01,114.025,114.12,5301810.0
2017-03-15,114.29,116.25,114.02,116.25,13524082.0
2017-03-16,117.27,117.29,116.69,116.73,9322018.0
2017-03-17,117.04,117.27,116.91,116.99,4683039.0
2017-03-20,117.31,117.595,117.205,117.5645,4000202.0
2017-03-21,117.77,118.8,117.76,118.54,9567932.0
2017-03-22,118.87,119.15,118.68,118.83,7287350.0
2017-03-23,119.15,119.25,118.32,118.67,6201129.0
2017-03-24,118.5,119.21,118.39,118.86,6879634.0
2017-03-27,119.93,120.08,119.27,119.53,8519573.0
2017-03-28,119.74,119.83,118.78,119.04,7112787.0
2017-03-29,119.22,119.45,119.047,119.33,4911042.0
2017-03-30,118.77,119.12,118.32,118.47,6894572.0
2017-03-31,118.61,119.08,118.46,118.72,8520847.0
2017-04-03,118.69,119.37,118.67,119.35,6105704.0
2017-04-04,119.59,119.77,119.38,119.62,4687301.0
2017-04-05,118.62,119.63,118.4,119.62,8105952.0
2017-04-06,119.22,119.42,118.975,119.18,4633470.0
2017-04-07,120.3,120.67,119.14,119.46,12350093.0
2017-04-10,119.04,119.69,118.85,119.46,4623673.0
2017-04-11,120.33,121.4,120.29,121.19,12455294.0
2017-04-12,121.38,122.22,121.14,122.02,9502540.0
2017-04-13,122.54,122.65,122.03,122.6,9892641.0
2017-04-17,122.55,123.07,121.99,122.24,8469580.0
2017-04-18,122.43,123.0292,121.73,122.82,10903701.0
2017-04-19,122.25,122.26,121.28,121.73,8472702.0
2017-04-20,121.82,122.17,121.5,121.96,11787330.0
2017-04-21,122.14,122.61,121.73,122.31,15608031.0
2017-04-24,120.77,121.51,120.6601,121.48,11053559.0
2017-04-25,120.53,120.87,120.05,120.25,10344784.0
2017-04-26,120.21,120.96,119.87,120.84,9758844.0
2017-04-27,120.42,120.5975,119.97,120.39,8266954.0
2017-04-28,120.34,120.77,120.27,120.77,9134246.0
2017-05-01,120.21,120.75,119.35,119.67,9331809.0
2017-05-02,119.3,119.65,119.24,119.65,4900784.0
2017-05-03,119.18,119.34,117.92,117.98,10811052.0
2017-05-04,116.81,117.28,116.63,116.79,12405323.0
2017-05-05,116.86,117.07,116.68,117.01,7127199.0
2017-05-08,117.03,117.14,116.68,116.75,5438375.0
2017-05-09,116.18,116.24,115.56,116.05,6801280.0
2017-05-10,116.42,116.4999,115.86,116.04,4290459.0
2017-05-11,116.21,116.845,116.185,116.5,6274368.0
2017-05-12,117.07,117.16,116.73,116.83,5434477.0
2017-05-15,117.52,117.54,116.99,117.14,5019589.0
2017-05-16,117.45,117.91,117.4,117.65,4942822.0
2017-05-17,119.36,120.02,119.27,119.79,13936876.0
2017-05-18,119.77,119.84,118.56,118.81,10341141.0
2017-05-19,119.39,119.545,118.88,119.4,6787254.0
2017-05-22,119.63,120.14,119.58,119.9,5132485.0
2017-05-23,120.13,120.19,118.9841,119.14,8305434.0
2017-05-24,119.07,119.7425,118.915,119.61,7064911.0
2017-05-25,119.52,119.695,119.29,119.48,4105092.0
2017-05-26,120.49,120.79,120.33,120.54,6791648.0
2017-05-30,120.24,120.33,119.95,120.14,4507493.0
2017-05-31,120.31,121.23,120.26,120.62,10360724.0
2017-06-01,120.17,120.74,120.06,120.72,8702543.0
2017-06-02,121.31,121.71,121.19,121.61,7268054.0
2017-06-05,121.91,121.94,121.58,121.73,3979162.0
2017-06-06,123.09,123.31,122.77,123.1,10798527.0
2017-06-07,122.79,123.16,122.015,122.45,9039175.0
2017-06-08,122.07,122.08,120.95,121.65,8169807.0
2017-06-09,120.46,120.91,120.4,120.54,7054664.0
2017-06-12,120.33,120.685,120.265,120.36,4927375.0
2017-06-13,119.95,120.71,119.92,120.48,3786628.0
2017-06-14,121.51,121.88,119.57,119.82,21124841.0
2017-06-15,119.22,119.5,119.1275,119.32,6796668.0
2017-06-16,119.35,119.5,119.24,119.34,6435674.0
2017-06-19,118.74,118.84,118.33,118.43,6786973.0
2017-06-20,118.42,118.46,118.07,118.18,4617387.0
2017-06-21,118.15,118.66,118.15,118.52,4723749.0
2017-06-22,119.13,119.1978,118.6,118.92,5811927.0
2017-06-23,119.65,119.66,119.31,119.43,9258628.0
2017-06-26,118.29,118.535,118.17,118.36,6593380.0
2017-06-27,118.87,119.05,118.481,118.81,5759344.0
2017-06-28,119.06,119.06,118.685,118.9,4220130.0
2017-06-29,117.97,118.64,117.91,118.32,7705165.0
2017-06-30,118.08,118.41,117.95,118.02,7272612.0
2017-07-03,116.54,116.85,115.94,116.09,12145049.0
2017-07-05,115.91,116.67,115.87,116.52,7223256.0
2017-07-06,116.58,116.61,116.24,116.47,4443390.0
2017-07-07,115.78,115.79,114.8,115.28,11153608.0
2017-07-10,115.02,115.57,114.83,115.47,4970886.0
2017-07-11,115.26,115.77,114.88,115.62,6637939.0
2017-07-12,116.21,116.33,115.87,116.03,4654361.0
2017-07-13,116.04,116.04,115.67,115.82,4148935.0
2017-07-14,117.04,117.25,116.64,116.77,5788219.0
2017-07-17,117.42,117.53,117.23,117.29,5170849.0
2017-07-18,117.99,118.33,117.88,118.11,7158573.0
2017-07-19,118.18,118.27,117.8363,118.08,3205142.0
2017-07-20,117.92,118.62,117.66,118.24,5571648.0
2017-07-21,119.0,119.39,118.751,119.26,10135919.0
2017-07-24,119.52,119.5762,119.18,119.31,3654331.0
2017-07-25,118.99,119.32,118.79,118.92,6202988.0
2017-07-26,118.57,120.15,118.55,119.88,8527944.0
2017-07-27,120.1,120.14,119.28,119.79,6385216.0
2017-07-28,120.15,120.8558,120.14,120.69,7393606.0
2017-07-31,120.5,120.805,120.45,120.75,3944561.0
2017-08-01,120.44,121.14,120.44,120.65,7365056.0
2017-08-02,120.51,121.02,120.34,120.4,5945279.0
2017-08-03,120.31,120.83,120.31,120.59,4275576.0
2017-08-04,119.97,120.039,119.2201,119.65,8644781.0
2017-08-07,119.43,119.79,119.43,119.51,3010138.0
2017-08-08,120.02,120.12,118.97,119.86,7227220.0
2017-08-09,121.02,121.55,120.76,121.31,9186236.0
2017-08-10,122.08,122.44,122.03,122.21,9817872.0
2017-08-11,122.24,122.83,122.03,122.79,8019519.0
2017-08-14,121.98,122.24,121.6845,121.92,6035297.0
2017-08-15,120.6,121.2299,120.5828,120.98,6731340.0
2017-08-16,120.66,122.06,120.66,121.87,8267341.0
2017-08-17,122.29,122.6099,121.76,122.49,8183805.0
2017-08-18,123.37,123.54,122.0,122.3,13654226.0
2017-08-21,122.54,122.981,122.5,122.76,5549687.0
2017-08-22,122.56,122.56,121.85,122.21,6493937.0
2017-08-23,122.58,122.69,122.31,122.67,5038391.0
2017-08-24,122.39,122.64,122.13,122.29,4193396.0
2017-08-25,122.77,123.02,121.29,122.74,12398247.0
2017-08-28,123.33,124.73,123.33,124.69,11578265.0
2017-08-29,125.81,125.87,124.0545,124.42,9861471.0
2017-08-30,124.33,124.62,124.16,124.36,6328422.0
2017-08-31,124.58,125.84,124.55,125.82,11775530.0
2017-09-01,126.01,126.17,125.12,126.06,11567404.0
2017-09-05,126.65,127.78,126.57,127.46,11703242.0
2017-09-06,127.34,127.44,126.55,126.81,10059273.0
2017-09-07,127.56,128.32,127.39,128.13,10219719.0
2017-09-08,128.205,128.3,127.59,127.97,8903683.0
2017-09-11,126.74,126.94,126.045,126.19,8737510.0
2017-09-12,126.03,126.59,125.94,126.56,8349012.0
2017-09-13,126.4,126.45,125.5,125.61,8490963.0
2017-09-14,125.66,126.44,125.62,126.16,5330663.0
2017-09-15,125.99,125.99,125.41,125.53,7124727.0
2017-09-18,124.71,124.76,123.965,124.36,8859807.0
2017-09-19,124.49,124.65,124.03,124.62,5826537.0
2017-09-20,124.68,125.0599,123.15,123.62,11415229.0
2017-09-21,122.56,123.07,122.49,122.68,7757897.0
2017-09-22,123.03,123.39,122.9348,123.24,6011928.0
2017-09-25,122.78,124.66,122.71,124.53,10257209.0
2017-09-26,123.57,123.81,122.9,123.14,8673582.0
2017-09-27,122.04,122.51,121.88,121.98,6903944.0
2017-09-28,122.04,122.475,121.83,122.21,5968213.0
2017-09-29,122.29,122.3,121.55,121.58,10207343.0
2017-10-02,121.17,121.34,120.74,120.77,11755378.0
2017-10-03,120.72,121.1,120.7041,120.83,3727955.0
2017-10-04,121.21,121.27,120.7101,121.17,6475238.0
2017-10-05,121.15,121.24,120.395,120.52,6204169.0
2017-10-06,120.26,121.21,119.7835,121.09,10012506.0
2017-10-09,121.64,122.11,121.551,122.08,5263706.0
2017-10-10,122.62,122.97,122.36,122.4,9315475.0
2017-10-11,122.57,122.88,122.03,122.79,5647326.0
2017-10-12,122.84,123.035,122.5,122.89,3034775.0
2017-10-13,123.66,123.86,123.34,123.82,6820055.0
2017-10-16,123.82,123.97,122.57,122.97,8199818.0
2017-10-17,122.03,122.32,121.73,122.13,7041240.0
2017-10-18,121.71,121.94,121.55,121.67,3666407.0
2017-10-19,122.2,122.55,122.111,122.39,5564004.0
2017-10-20,121.68,121.98,121.39,121.61,8481102.0
2017-10-23,120.98,121.9,120.96,121.8,5069650.0
2017-10-24,121.26,121.71,120.98,121.33,5114077.0
2017-10-25,121.31,121.5899,120.84,121.35,4282369.0
2017-10-26,121.16,121.16,120.22,120.33,6438806.0
2017-10-27,120.38,120.99,120.21,120.9,6663378.0
2017-10-30,120.93,121.47,120.8,121.13,5117133.0
2017-10-31,120.82,120.84,120.38,120.67,3910495.0
2017-11-01,120.98,121.55,120.835,121.11,4647587.0
2017-11-02,121.29,121.96,121.05,121.19,5368199.0
2017-11-03,121.36,121.43,120.1844,120.62,6330642.0
2017-11-06,120.72,121.85,120.68,121.65,6953772.0
2017-11-07,121.51,121.56,120.78,121.21,4165933.0
2017-11-08,121.95,122.25,121.59,121.63,5565212.0
2017-11-09,121.85,122.41,121.73,122.13,6072394.0
2017-11-10,121.99,122.11,120.935,121.13,7116200.0
2017-11-13,121.43,121.55,121.27,121.31,6249206.0
2017-11-14,120.9,121.91,120.77,121.56,6188992.0
2017-11-15,122.13,122.36,121.25,121.41,4984387.0
2017-11-16,121.45,121.71,121.29,121.4,2796045.0
2017-11-17,122.15,123.17,121.95,122.86,10613583.0
2017-11-20,122.3,122.41,121.04,121.31,8356673.0
2017-11-21,121.67,122.0,121.5,121.51,4956456.0
2017-11-22,122.26,122.95,122.17,122.63,5211832.0
2017-11-24,122.36,122.61,122.22,122.32,1779705.0
2017-11-27,123.26,123.33,122.67,122.83,4961215.0
2017-11-28,123.05,123.17,122.53,122.81,5603112.0
2017-11-29,122.24,122.33,121.74,122.04,6138941.0
2017-11-30,121.44,121.695,120.64,121.1,7936260.0
2017-12-01,120.94,122.43,120.74,121.59,13080101.0
2017-12-04,121.15,121.2,120.84,121.18,6943679.0
2017-12-05,120.44,120.505,119.72,120.32,10041159.0
2017-12-06,120.03,120.44,119.87,120.07,6643006.0
2017-12-07,119.01,119.24,118.1,118.49,12900240.0
2017-12-08,118.63,118.92,118.33,118.48,5231287.0
2017-12-11,118.37,118.54,117.8,118.01,4522244.0
2017-12-12,117.73,118.17,117.4,118.15,8020109.0
2017-12-13,118.19,119.35,118.01,119.17,10086657.0
2017-12-14,119.1,119.285,118.705,118.93,6993592.0
2017-12-15,119.42,119.5,118.97,119.18,7531964.0
2017-12-18,119.64,119.99,119.6,119.73,5452212.0
2017-12-19,119.64,119.9,119.53,119.82,4018885.0
2017-12-20,119.96,120.36,119.81,120.14,5734625.0
2017-12-21,120.08,120.45,120.0,120.31,4823709.0
2017-12-22,120.69,121.14,120.57,120.94,5791312.0
2017-12-26,121.55,121.87,121.51,121.77,8224411.0
2017-12-27,122.0,122.34,121.875,122.23,6232678.0
2017-12-28,122.82,122.92,122.56,122.85,5732725.0
2017-12-29,123.7,124.085,123.46,123.65,7852109.0
2018-01-02,124.66,125.18,124.39,125.15,11762515.0
2018-01-03,125.05,125.09,124.101,124.82,7904326.0
2018-01-04,124.89,125.85,124.74,125.46,7329718.0
2018-01-05,124.93,125.48,124.83,125.33,5739904.0
2018-01-08,125.2,125.32,124.9,125.31,3566707.0
2018-01-09,124.49,124.86,124.23,124.73,9153584.0
2018-01-10,125.17,125.31,124.72,125.03,14809303.0
2018-01-11,125.37,125.66,125.25,125.44,5994730.0
2018-01-12,126.01,127.13,125.81,126.96,9258570.0
2018-01-16,126.6,127.18,126.4,127.17,8083895.0
2018-01-17,126.77,127.22,125.9,126.14,10130509.0
2018-01-18,126.13,126.52,125.8,125.86,6289271.0
2018-01-19,126.57,126.73,126.41,126.42,8773753.0
2018-01-22,126.51,126.75,126.28,126.65,4893546.0
2018-01-23,126.53,127.35,126.34,127.28,6190410.0
2018-01-24,128.39,129.265,128.2338,128.83,11827554.0
2018-01-25,128.69,129.515,127.36,127.97,15219664.0
2018-01-26,128.24,128.52,127.97,128.07,7828744.0
2018-01-29,127.58,127.63,126.915,127.35,6956392.0
2018-01-30,127.91,127.9167,126.74,126.8,9736105.0
2018-01-31,127.45,127.85,126.4,127.65,13418904.0
2018-02-01,127.18,128.15,127.08,128.07,10854639.0
2018-02-02,126.81,126.85,125.955,126.39,16789214.0
2018-02-05,126.82,127.31,126.44,126.71,13596327.0
2018-02-06,126.54,126.55,125.22,125.38,17672450.0
2018-02-07,125.48,125.77,124.41,124.79,8558460.0
2018-02-08,124.92,125.44,124.51,124.98,7343637.0
2018-02-09,124.65,125.14,124.39,124.77,14140696.0
2018-02-12,125.19,125.82,125.11,125.37,6984852.0
2018-02-13,125.67,126.18,125.52,126.08,5321327.0
2018-02-14,126.47,128.59,126.29,128.23,16416413.0
2018-02-15,128.43,128.569,127.94,128.38,7276495.0
2018-02-16,128.3,128.7,127.5689,127.96,7956921.0
2018-02-20,127.28,127.4,126.04,126.24,11148745.0
2018-02-21,126.36,126.76,125.44,125.66,7908753.0
2018-02-22,125.92,126.37,125.88,126.3,5346347.0
2018-02-23,126.06,126.3,125.85,126.14,4239709.0
2018-02-26,126.45,126.62,126.18,126.45,3194743.0
2018-02-27,126.06,126.15,124.59,125.13,7082301.0
2018-02-28,125.09,125.46,124.81,125.0,4534884.0
2018-03-01,124.15,125.31,123.575,124.72,12910071.0
2018-03-02,125.67,125.69,124.97,125.39,9994341.0
2018-03-05,125.35,125.48,124.96,125.18,5778343.0
2018-03-06,126.2,126.9563,126.13,126.53,8676781.0
2018-03-07,126.22,126.29,125.42,125.72,5158674.0
2018-03-08,125.69,125.7,125.125,125.42,3474944.0
2018-03-09,124.94,125.69,124.78,125.54,5066833.0
2018-03-12,125.04,125.57,124.84,125.54,2884269.0
2018-03-13,125.67,125.99,125.05,125.78,4798303.0
2018-03-14,125.49,125.76,125.34,125.7,3777021.0
2018-03-15,125.12,125.21,124.72,124.9,6130124.0
2018-03-16,124.84,124.87,124.21,124.6,7402188.0
2018-03-19,124.57,125.16,124.42,124.87,4335420.0
2018-03-20,124.41,124.55,123.96,124.31,3399440.0
2018-03-21,125.4,126.76,125.03,126.48,12532035.0
2018-03-22,126.09,126.34,125.64,125.98,5298709.0
2018-03-23,127.82,128.06,127.4054,127.61,12025882.0
2018-03-26,128.05,128.58,128.0107,128.28,6169843.0
2018-03-27,127.23,127.62,127.05,127.49,6180707.0
2018-03-28,126.48,126.61,125.51,125.73,10254883.0
2018-03-29,125.42,125.81,125.31,125.79,7117156.0
2018-04-02,126.65,127.54,126.375,127.26,11421144.0
2018-04-03,126.54,126.59,126.01,126.3,6083717.0
2018-04-04,127.5,127.53,126.32,126.45,7488254.0
2018-04-05,125.45,126.0825,125.425,125.8,5332957.0
2018-04-06,126.57,126.6,126.125,126.39,6121225.0
2018-04-09,126.45,126.86,126.23,126.82,4189864.0
2018-04-10,127.02,127.305,126.67,127.12,5403992.0
2018-04-11,128.09,129.47,127.78,128.11,12348564.0
2018-04-12,127.25,127.34,126.47,126.62,8141339.0
2018-04-13,127.07,127.75,127.03,127.45,6821338.0
2018-04-16,127.74,128.05,127.57,127.63,4600039.0
2018-04-17,127.02,127.78,127.001,127.75,4184077.0
2018-04-18,128.32,128.54,127.751,127.85,6755575.0
2018-04-19,127.81,127.8839,127.13,127.6,8736103.0
2018-04-20,126.69,126.97,126.55,126.63,10403128.0
2018-04-23,125.62,125.76,125.3412,125.62,6921519.0
2018-04-24,125.78,126.34,125.67,126.23,4733107.0
2018-04-25,125.23,125.51,125.06,125.41,5981944.0
2018-04-26,125.54,125.57,124.69,124.97,7517135.0
2018-04-27,125.2,125.62,125.17,125.5,5653996.0
2018-04-30,124.41,125.2,124.1901,124.59,9830612.0
2018-05-01,123.9,123.9848,123.39,123.71,7551577.0
2018-05-02,123.9,124.54,123.58,123.65,7614019.0
2018-05-03,124.66,124.76,124.24,124.28,4857387.0
2018-05-04,124.1,124.65,124.0,124.54,5883574.0
2018-05-07,124.5,124.7,124.3,124.57,3397508.0
2018-05-08,124.14,124.95,123.79,124.59,5551078.0
2018-05-09,124.45,124.87,124.24,124.33,4405593.0
2018-05-10,125.22,125.3724,124.75,125.18,5218356.0
2018-05-11,125.57,125.59,124.94,125.0,4299164.0
2018-05-14,125.16,125.21,124.44,124.49,3753223.0
2018-05-15,122.82,122.82,122.13,122.48,10911900.0
2018-05-16,122.38,122.61,122.03,122.29,4943275.0
2018-05-17,122.23,122.43,122.04,122.36,7781336.0
2018-05-18,122.05,122.65,122.01,122.41,6837125.0
2018-05-21,122.16,122.53,121.97,122.48,4126673.0
2018-05-22,122.7,122.74,122.34,122.41,4579602.0
2018-05-23,122.14,122.74,122.11,122.54,7007256.0
2018-05-24,123.1,123.82,123.08,123.59,8850085.0
2018-05-25,123.66,123.7,123.21,123.21,7920650.0
2018-05-29,122.84,123.64,122.66,123.19,9013170.0
2018-05-30,123.17,123.61,123.17,123.37,4573697.0
2018-05-31,123.26,123.78,123.1,123.1,7862495.0
2018-06-01,122.58,123.09,122.44,122.49,8059121.0
2018-06-04,122.85,122.93,122.37,122.37,4345370.0
2018-06-05,122.55,123.2257,122.281,122.85,6864209.0
2018-06-06,123.08,123.35,122.63,122.92,4083702.0
2018-06-07,122.96,123.145,122.69,122.86,3700745.0
2018-06-08,123.08,123.12,122.91,123.01,3865667.0
2018-06-11,123.1,123.42,123.0175,123.23,3201179.0
2018-06-12,122.95,123.18,122.64,122.82,7279620.0
2018-06-13,122.84,123.34,122.47,123.19,5867744.0
2018-06-14,123.63,123.86,123.32,123.38,8015447.0
2018-06-15,122.18,122.2,120.83,121.34,14536993.0
2018-06-18,121.35,121.44,120.99,121.11,3845950.0
2018-06-19,120.81,121.03,120.581,120.8,4925832.0
2018-06-20,120.79,120.81,120.16,120.26,4548491.0
2018-06-21,119.92,120.32,119.821,120.05,5681906.0
2018-06-22,120.21,120.4,120.1,120.34,4518408.0
2018-06-25,120.0,120.23,119.8299,119.89,9300195.0
2018-06-26,119.28,119.59,119.09,119.26,8675447.0
2018-06-27,118.96,119.05,118.48,118.58,6480064.0
2018-06-28,118.59,118.67,118.01,118.22,7760936.0
2018-06-29,118.43,118.94,118.26,118.65,8002828.0
2018-07-02,118.18,118.21,117.4,117.46,12021957.0
2018-07-03,118.41,119.08,118.38,118.65,8900973.0
2018-07-05,118.92,119.33,118.77,119.05,4951873.0
2018-07-06,118.97,119.03,118.731,118.86,2947058.0
2018-07-09,119.65,119.73,119.14,119.15,4075297.0
2018-07-10,118.89,119.0,118.61,118.93,3754770.0
2018-07-11,118.45,118.53,117.62,117.64,6974791.0
2018-07-12,118.0,118.2638,117.94,118.13,4585460.0
2018-07-13,117.62,117.75,117.4465,117.61,5444284.0
2018-07-16,117.51,117.625,117.28,117.55,3670943.0
2018-07-17,116.72,116.925,116.12,116.28,7939635.0
2018-07-18,116.03,116.35,115.83,116.31,5391963.0
2018-07-19,115.13,116.47,115.12,115.81,14227628.0
2018-07-20,116.4,116.71,116.24,116.56,7892317.0
2018-07-23,116.25,116.31,115.76,116.0,6247368.0
2018-07-24,116.22,116.43,115.91,116.04,4801046.0
2018-07-25,116.79,116.8366,116.27,116.68,5480914.0
2018-07-26,116.24,116.51,115.77,115.77,6382946.0
2018-07-27,115.92,116.2399,115.77,115.83,5242099.0
2018-07-30,115.8,116.02,115.64,115.65,4157371.0
2018-07-31,115.47,116.35,115.394,115.99,5508456.0
2018-08-01,115.63,115.7,115.125,115.14,7941660.0
2018-08-02,115.17,115.23,114.42,114.52,6204210.0
2018-08-03,115.09,115.53,114.86,114.92,5953227.0
2018-08-06,114.56,114.72,114.31,114.33,5811614.0
2018-08-07,114.85,114.935,114.42,114.59,5188447.0
2018-08-08,114.75,114.95,114.41,114.91,3809872.0
2018-08-09,115.02,115.12,114.69,114.74,4252956.0
2018-08-10,114.81,115.23,114.6076,114.69,6757857.0
2018-08-13,113.81,113.81,112.83,112.96,9150873.0
2018-08-14,113.25,113.48,112.84,113.07,7086193.0
2018-08-15,112.17,112.18,111.06,111.19,12398366.0
2018-08-16,111.46,111.88,111.1,111.1,7484637.0
2018-08-17,111.69,112.15,111.38,112.13,8470951.0
2018-08-20,112.38,112.74,112.16,112.69,5313403.0
2018-08-21,112.77,113.1,112.44,113.02,5042443.0
2018-08-22,113.39,113.49,113.07,113.27,6215910.0
2018-08-23,112.68,112.88,112.06,112.2,5500102.0
2018-08-24,113.25,114.42,113.21,114.16,9214703.0
2018-08-27,114.12,114.78,114.12,114.59,4364167.0
2018-08-28,114.76,114.8666,113.55,113.68,6101386.0
2018-08-29,114.16,114.21,113.85,114.2,5616329.0
2018-08-30,113.92,113.93,113.24,113.64,5431600.0
2018-08-31,113.72,114.06,113.44,113.51,5048673.0
2018-09-04,112.75,113.07,112.61,112.93,6617486.0
2018-09-05,113.36,113.44,113.12,113.32,4459202.0
2018-09-06,113.89,114.26,113.28,113.54,4784729.0
2018-09-07,113.26,113.6,112.97,113.23,3714023.0
2018-09-10,113.26,113.43,113.0,113.15,2316693.0
2018-09-11,112.65,113.37,112.42,113.22,3791338.0
2018-09-12,113.12,114.39,113.055,114.17,6315934.0
2018-09-13,114.72,114.78,113.58,113.76,5636023.0
2018-09-14,113.79,113.9,112.91,113.02,5375645.0
2018-09-17,113.6,114.03,113.55,113.61,4727254.0
2018-09-18,113.79,113.91,113.275,113.44,4737849.0
2018-09-19,113.94,114.15,113.68,113.88,4223199.0
2018-09-20,114.21,114.37,113.855,114.27,4384523.0
2018-09-21,112.8701,113.68,112.79,113.49,6831550.0
2018-09-24,113.68,113.96,113.43,113.47,4435578.0
2018-09-25,113.75,113.885,113.57,113.65,3004824.0
2018-09-26,113.11,113.6,112.66,113.05,8297429.0
2018-09-27,112.1,112.4156,111.8499,112.05,7683739.0
2018-09-28,112.16,113.0,112.07,112.76,6020579.0
2018-10-01,112.4,112.62,112.15,112.57,3893012.0
2018-10-02,113.7,114.33,113.61,113.87,10776912.0
2018-10-03,113.87,114.05,113.26,113.42,6674517.0
2018-10-04,113.83,114.19,113.255,113.48,6616212.0
2018-10-05,113.81,114.1,113.57,113.8,7994440.0
2018-10-08,112.25,112.59,111.9,112.54,12111577.0
2018-10-09,112.37,112.67,111.97,112.6,8352697.0
2018-10-10,112.47,112.96,112.25,112.88,10571316.0
2018-10-11,114.2,116.04,114.09,115.78,26810920.0
2018-10-12,115.58,115.71,115.08,115.23,12939315.0
2018-10-15,116.12,116.53,115.89,116.0,11828366.0
2018-10-16,116.49,116.6,115.8,115.8,9531769.0
2018-10-17,115.89,116.33,115.68,115.79,7078639.0
2018-10-18,115.83,116.41,115.63,115.92,7964106.0
2018-10-19,116.23,116.24,115.96,116.01,7453947.0
2018-10-22,115.57,115.7789,115.43,115.71,5200759.0
2018-10-23,117.16,117.25,116.33,116.39,12704177.0
2018-10-24,116.38,116.72,116.1101,116.66,8563293.0
2018-10-25,116.58,116.73,116.19,116.4,8303495.0
2018-10-26,116.83,117.65,116.46,116.77,15733170.0
2018-10-29,116.41,116.54,115.84,116.31,8732486.0
2018-10-30,115.85,116.04,115.635,115.8,7233614.0
2018-10-31,114.89,115.17,114.66,115.15,11409346.0
2018-11-01,116.33,117.07,116.18,116.63,13662915.0
2018-11-02,116.61,116.98,116.39,116.65,8796962.0
2018-11-05,116.28,116.67,116.23,116.37,6291450.0
2018-11-06,116.44,116.525,115.74,116.04,7270793.0
2018-11-07,116.26,116.345,115.9,116.03,8392112.0
2018-11-08,115.77,116.15,115.5,115.78,7638817.0
2018-11-09,114.6,114.75,114.14,114.48,14159472.0
2018-11-12,114.01,114.05,113.58,113.66,7499046.0
2018-11-13,113.72,113.93,113.42,113.7,9309074.0
2018-11-14,113.53,115.06,113.46,114.64,13950218.0
2018-11-15,114.83,114.99,114.56,114.77,8910585.0
2018-11-16,115.83,115.88,115.37,115.62,8576955.0
2018-11-19,115.45,115.92,115.37,115.67,8508445.0
2018-11-20,115.94,115.95,115.37,115.67,9075193.0
2018-11-21,115.94,116.35,115.86,115.86,8834206.0
2018-11-23,115.76,115.88,115.585,115.77,3726611.0
2018-11-26,115.84,115.87,115.53,115.64,4018622.0
2018-11-27,115.55,115.63,114.6,114.95,9671170.0
2018-11-28,114.76,116.07,114.59,115.38,13789016.0
2018-11-29,115.97,116.24,115.56,115.74,6479502.0
2018-11-30,115.42,115.66,115.04,115.54,8169579.0
2018-12-03,116.6,116.77,116.295,116.41,8463378.0
2018-12-04,117.37,117.39,116.931,117.12,7186437.0
2018-12-06,117.38,117.685,116.92,117.14,9267628.0
2018-12-07,117.62,118.23,117.54,118.09,10402903.0
2018-12-10,117.7,117.94,117.42,117.68,8118110.0
2018-12-11,117.67,117.89,117.35,117.54,6395391.0
2018-12-12,117.7,117.95,117.6117,117.79,4136781.0
2018-12-13,117.54,117.62,117.26,117.53,4131770.0
2018-12-14,116.63,117.3,116.58,117.06,7501660.0
2018-12-17,117.37,118.03,117.35,117.87,8455007.0
2018-12-18,117.85,118.2,117.81,118.15,7542875.0
2018-12-19,118.24,118.96,117.4,117.43,13827509.0
2018-12-20,119.11,119.74,118.68,119.24,18615143.0
2018-12-21,119.19,119.25,118.57,118.72,13629830.0
2018-12-24,119.57,120.14,119.57,120.02,9736359.0
2018-12-26,120.62,120.995,119.57,119.66,14293459.0
2018-12-27,120.57,120.895,120.14,120.57,11874408.0
2018-12-28,120.8,121.08,120.72,121.06,6864842.0
2018-12-31,120.98,121.26,120.83,121.25,8449441.0
2019-01-02,121.35,121.75,120.88,121.33,12776155.0
2019-01-03,121.78,122.46,121.73,122.43,15440840.0
2019-01-04,121.32,121.6,120.69,121.44,13334368.0
2019-01-07,122.16,122.22,121.5731,121.86,7473641.0
2019-01-08,121.15,121.71,121.06,121.53,7643363.0
2019-01-09,121.45,122.335,121.44,122.31,10555933.0
2019-01-10,121.98,122.179,121.57,121.59,6672058.0
2019-01-11,121.74,122.05,121.66,121.8,8622666.0
2019-01-14,122.15,122.24,121.87,122.09,6477072.0
2019-01-15,122.28,122.38,121.62,121.88,7512779.0
2019-01-16,122.04,122.44,122.02,122.27,6878137.0
2019-01-17,122.03,122.26,121.81,122.11,8558523.0
2019-01-18,121.23,121.515,121.02,121.02,10896307.0
2019-01-22,121.18,121.5,120.9,121.45,7896668.0
2019-01-23,120.96,121.54,120.86,121.28,5224918.0
2019-01-24,121.16,121.36,120.92,121.09,5662490.0
2019-01-25,122.02,122.91,122.02,122.86,11103309.0
2019-01-28,122.75,123.29,122.7178,123.29,8522178.0
2019-01-29,123.71,124.0,123.46,123.98,11610204.0
2019-01-30,123.91,125.07,123.7,124.69,12103963.0
2019-01-31,125.18,125.23,124.62,124.75,10209516.0
2019-02-01,124.89,125.05,124.37,124.5,12485496.0
2019-02-04,123.99,124.29,123.82,123.96,6879187.0
2019-02-05,124.29,124.42,124.05,124.28,6291367.0
2019-02-06,124.16,124.1899,123.4,123.44,6595100.0
2019-02-07,123.8,123.95,123.4367,123.74,5935456.0
2019-02-08,124.05,124.33,123.9799,124.21,4235221.0
2019-02-11,123.19,123.82,123.19,123.6,4821904.0
2019-02-12,123.96,124.03,123.61,123.86,4271869.0
2019-02-13,123.84,124.55,123.31,123.37,7640509.0
2019-02-14,123.84,124.2,123.53,124.06,6276529.0
2019-02-15,124.59,125.0,124.18,124.8,12190104.0
2019-02-19,125.98,126.79,125.93,126.7,15614028.0
2019-02-20,127.0,127.21,126.31,126.48,8889665.0
2019-02-21,126.15,126.22,125.05,125.05,8634596.0
2019-02-22,125.53,125.95,125.39,125.5,5439375.0
2019-02-25,125.78,125.9,125.23,125.37,4882615.0
2019-02-26,125.33,125.6171,125.05,125.58,5153511.0
2019-02-27,125.17,125.226,124.4,124.69,7935647.0
2019-02-28,124.71,124.71,123.98,123.99,7811731.0
2019-03-01,123.48,123.96,121.87,121.88,16411743.0
2019-03-04,121.56,121.85,121.18,121.56,10272586.0
2019-03-05,121.38,121.73,121.03,121.72,7120090.0
2019-03-06,121.43,121.64,121.26,121.61,4820443.0
2019-03-07,121.27,121.71,121.18,121.51,6088768.0
2019-03-08,122.7,122.89,122.37,122.84,10427747.0
2019-03-11,122.52,122.54,121.92,122.24,6708655.0
2019-03-12,122.54,123.03,122.4,122.98,6289860.0
2019-03-13,123.56,123.88,123.425,123.84,7377297.0
2019-03-14,122.33,122.545,122.12,122.41,6778443.0
2019-03-15,123.06,123.4,122.9132,122.97,9412061.0
2019-03-18,123.3,123.3998,122.89,123.04,7783205.0
2019-03-19,123.72,123.79,123.34,123.38,6558693.0
2019-03-20,123.66,124.42,122.65,124.18,11304912.0
2019-03-21,124.36,124.37,123.11,123.68,7739775.0
2019-03-22,123.93,124.22,123.73,123.97,5874016.0
2019-03-25,124.56,125.11,124.4801,124.92,7288343.0
2019-03-26,124.48,124.51,124.07,124.3,5056224.0
2019-03-27,124.35,124.375,123.56,123.65,6595016.0
2019-03-28,122.28,122.355,121.705,121.9,11878328.0
2019-03-29,122.64,122.75,122.01,122.01,7094201.0
2019-04-01,122.4,122.43,121.46,121.53,13559963.0
2019-04-02,121.72,122.01,121.68,121.98,4474953.0
2019-04-03,121.73,122.01,121.675,121.8,6152734.0
2019-04-04,121.1,122.24,120.96,122.11,7508760.0
2019-04-05,121.88,122.13,121.6633,121.98,5114493.0
2019-04-08,122.97,123.0199,122.4,122.51,4271034.0
2019-04-09,123.26,123.35,123.03,123.15,4648392.0
2019-04-10,123.22,123.77,123.19,123.53,6344767.0
2019-04-11,122.54,122.75,121.79,121.95,11694503.0
2019-04-12,121.96,122.31,121.8,121.83,5272844.0
2019-04-15,121.2,121.82,121.095,121.6,4252774.0
2019-04-16,120.38,120.63,120.19,120.51,10097802.0
2019-04-17,120.46,120.51,120.195,120.28,4693864.0
2019-04-18,120.24,120.54,120.15,120.37,4090401.0
2019-04-22,120.46,120.5,120.27,120.37,2251185.0
2019-04-23,119.67,120.2,119.55,120.12,5574897.0
2019-04-24,120.06,120.72,120.04,120.47,4173034.0
2019-04-25,120.72,121.0962,120.5,120.57,4836857.0
2019-04-26,121.26,121.67,121.2199,121.37,6022715.0
2019-04-29,120.88,120.91,120.665,120.83,4469721.0
2019-04-30,120.89,121.36,120.85,121.2,4758567.0
2019-05-01,121.03,121.55,120.18,120.4,12331836.0
2019-05-02,119.69,120.11,119.54,119.94,6759844.0
2019-05-03,120.56,121.08,120.475,120.65,8414504.0
2019-05-06,120.61,121.12,120.54,120.81,3479563.0
2019-05-07,121.02,121.42,120.9067,121.21,4010654.0
2019-05-08,121.54,121.54,120.77,120.91,4178965.0
2019-05-09,120.96,121.62,120.86,121.2,5015785.0
2019-05-10,121.41,121.73,121.3,121.43,4586301.0
2019-05-13,122.63,122.85,122.325,122.67,11130908.0
2019-05-14,122.6,122.66,122.12,122.46,5556105.0
2019-05-15,122.71,122.765,122.2199,122.39,10298968.0
2019-05-16,122.03,122.0734,121.19,121.51,6349454.0
2019-05-17,121.03,121.06,120.33,120.65,6589382.0
2019-05-20,120.51,120.74,120.42,120.64,4345803.0
2019-05-21,120.08,120.36,119.83,120.36,3845702.0
2019-05-22,120.35,120.5,120.19,120.24,3741805.0
2019-05-23,120.82,121.52,120.77,121.17,6054721.0
2019-05-24,121.13,121.31,120.89,121.3,2324653.0
2019-05-28,120.8,120.84,120.46,120.83,4303495.0
2019-05-29,121.11,121.26,120.745,120.87,4133202.0
2019-05-30,120.96,121.69,120.8,121.69,7757033.0
2019-05-31,122.55,123.4,122.315,123.33,15367001.0
2019-06-03,124.09,125.34,123.9,125.11,14173636.0
2019-06-04,124.88,125.42,124.61,125.15,7997062.0
2019-06-05,126.18,126.37,125.24,125.47,7637880.0
2019-06-06,125.93,126.45,125.8,125.88,5551778.0
2019-06-07,126.79,127.25,126.32,126.59,8145853.0
2019-06-10,125.46,125.525,125.065,125.33,5409983.0
2019-06-11,124.94,125.4,124.884,125.18,4757841.0
2019-06-12,125.6,126.2,125.56,125.83,5756153.0
2019-06-13,126.03,126.77,125.9599,126.6,5374818.0
2019-06-14,127.21,127.63,126.26,126.56,9226446.0
2019-06-17,126.7,126.77,126.17,126.48,4763345.0
2019-06-18,127.58,127.75,126.39,127.12,10309646.0
2019-06-19,126.77,127.99,126.7,127.89,11660649.0
2019-06-20,130.41,131.49,130.185,131.11,18636339.0
2019-06-21,131.77,132.17,131.07,131.98,15068037.0
2019-06-24,132.77,134.035,132.58,133.94,17851801.0
2019-06-25,134.9,135.55,133.21,134.2,24772241.0
2019-06-26,132.99,133.55,132.41,132.97,12016402.0
2019-06-27,132.38,132.97,132.26,132.84,8412764.0
2019-06-28,133.05,133.34,132.61,133.2,8076966.0
2019-07-01,131.56,131.755,130.55,130.62,13369815.0
2019-07-02,131.27,133.63,131.16,133.41,13282139.0
2019-07-03,133.61,134.1,133.23,133.63,6351547.0
2019-07-05,131.46,132.32,130.81,132.14,11536581.0
2019-07-08,132.18,132.341,131.28,131.29,8028884.0
2019-07-09,131.43,132.1,131.1575,131.75,6633439.0
2019-07-10,132.94,133.87,132.35,133.83,13920593.0
2019-07-11,133.58,133.7,132.41,132.7,7535133.0
2019-07-12,132.89,133.69,132.53,133.53,6309451.0
2019-07-15,133.18,133.53,132.805,133.53,4026583.0
2019-07-16,133.18,133.3,132.13,132.4,7965981.0
2019-07-17,133.0,134.6,132.89,134.58,11288279.0
2019-07-18,133.83,136.63,133.61,136.48,18466488.0
2019-07-19,135.45,136.03,133.97,134.47,18079195.0
2019-07-22,134.56,134.82,134.32,134.45,7570898.0
2019-07-23,134.43,134.95,133.56,133.69,9981379.0
2019-07-24,134.59,134.84,133.98,134.37,6715167.0
2019-07-25,134.24,134.28,133.09,133.42,11708241.0
2019-07-26,134.24,134.29,133.59,133.64,6249928.0
2019-07-29,134.06,134.729,133.44,134.53,9162417.0
2019-07-30,134.76,135.18,134.41,134.98,9458733.0
2019-07-31,135.03,135.42,133.02,133.21,18797199.0
2019-08-01,132.42,136.43,132.305,136.41,27719822.0
2019-08-02,135.39,136.6,135.37,135.89,13753222.0
2019-08-05,137.93,138.64,137.05,137.79,17519817.0
2019-08-06,138.33,139.03,138.005,138.91,9471209.0
2019-08-07,141.28,142.47,140.88,141.02,26671092.0
2019-08-08,140.9,142.37,140.71,141.73,13108554.0
2019-08-09,141.28,142.03,140.96,141.26,9485912.0
2019-08-12,141.67,143.38,141.64,142.63,22574074.0
2019-08-13,143.17,143.285,139.35,141.78,29930394.0
2019-08-14,142.9,143.75,142.05,142.75,20672858.0
2019-08-15,142.96,144.02,142.61,143.7,13501099.0
2019-08-16,142.75,143.13,141.8,142.78,12184492.0
2019-08-19,141.33,141.79,140.85,141.11,10558366.0
2019-08-20,141.77,142.255,141.6,142.21,7479375.0
2019-08-21,141.62,142.17,141.46,141.76,8118733.0
2019-08-22,141.39,141.9,141.17,141.4,6847647.0
2019-08-23,141.84,144.33,141.64,144.17,20290539.0
2019-08-26,144.35,144.97,143.91,144.19,12200810.0
2019-08-27,144.3,145.68,144.27,145.57,12857588.0
2019-08-28,145.39,145.68,144.64,145.16,11452157.0
2019-08-29,145.4,145.49,143.28,144.12,14764572.0
2019-08-30,143.84,144.8822,143.02,143.75,9641918.0
2019-09-03,144.96,146.13,144.741,145.75,15613445.0
2019-09-04,145.54,146.82,145.5,146.66,11284999.0
2019-09-05,144.9867,145.015,142.0,143.14,20292448.0
2019-09-06,143.66,144.06,141.86,141.94,14174625.0
2019-09-09,142.37,142.46,141.18,141.39,11317417.0
2019-09-10,141.23,141.525,140.16,140.18,12606324.0
2019-09-11,140.3401,141.26,140.28,141.03,7435539.0
2019-09-12,142.6899,143.1,141.11,141.32,12661188.0
2019-09-13,141.73,141.99,140.06,140.15,13450924.0
2019-09-16,141.6,142.05,141.02,141.32,8078398.0
2019-09-17,141.82,142.11,141.2237,141.6,7045262.0
2019-09-18,141.93,142.53,139.81,140.71,15066645.0
2019-09-19,141.57,141.74,141.0851,141.28,8062414.0
2019-09-20,141.61,143.03,141.46,142.95,12143073.0
2019-09-23,143.19,143.94,143.07,143.75,9033969.0
2019-09-24,143.21,144.77,142.88,144.51,10619888.0
2019-09-25,144.08,144.29,141.44,141.83,11993328.0
2019-09-26,142.19,142.57,141.56,141.79,8781994.0
2019-09-27,140.35,141.68,140.16,141.06,9663779.0
2019-09-30,139.77,140.21,138.03,138.87,15501664.0
2019-10-01,138.07,140.19,137.8,139.63,12500459.0
2019-10-02,140.79,141.88,140.462,141.26,11942729.0
2019-10-03,141.36,143.25,141.29,141.9,12406393.0
2019-10-04,141.48,142.31,141.14,141.9,9689748.0
2019-10-07,141.16,141.7709,140.24,140.69,6155985.0
2019-10-08,142.03,142.29,141.17,141.92,10478330.0
2019-10-09,142.16,142.58,141.62,142.05,6928809.0
2019-10-10,141.59,141.66,140.578,140.81,9274648.0
2019-10-11,139.9801,140.19,138.91,140.03,11423274.0
2019-10-14,140.45,140.82,140.34,140.59,4008722.0
2019-10-15,140.27,140.3,139.21,139.61,9130388.0
2019-10-16,140.1599,140.53,139.6988,140.41,10363294.0
2019-10-17,140.5,141.12,140.42,140.61,6216147.0
2019-10-18,140.5,140.71,140.32,140.46,6416080.0
2019-10-21,140.72,140.76,139.6,139.79,8312737.0
2019-10-22,140.13,140.3,139.72,140.2,3880815.0
2019-10-23,140.59,141.0,140.5,140.53,4159671.0
2019-10-24,141.0,141.74,140.93,141.53,6263966.0
2019-10-25,142.8181,142.83,141.4,141.86,6008671.0
2019-10-28,141.25,141.25,140.4004,140.64,5402458.0
2019-10-29,140.0,140.63,139.78,140.25,3835104.0
2019-10-30,140.54,141.04,139.55,141.02,6992123.0
2019-10-31,141.98,142.69,141.89,142.43,7043202.0
2019-11-01,142.21,142.9,142.01,142.56,8089314.0
2019-11-04,142.2367,142.45,141.7446,142.15,4737087.0
2019-11-05,140.7,140.89,139.38,139.85,11769429.0
2019-11-06,140.12,140.79,140.0,140.45,6404884.0
2019-11-07,140.11,140.2,137.6,138.27,15176983.0
2019-11-08,137.7,138.33,137.39,137.39,10377412.0
2019-11-11,137.61,137.79,136.435,137.06,7037251.0
2019-11-12,137.03,137.59,136.19,137.43,6448394.0
2019-11-13,137.8,138.22,137.64,137.98,8809170.0
2019-11-14,138.38,138.94,137.8685,138.56,5220259.0
2019-11-15,138.03,138.4208,137.971,138.21,10106690.0
2019-11-18,138.44,138.85,138.3,138.62,5717762.0
2019-11-19,138.13,138.9716,138.13,138.69,4819651.0
2019-11-20,138.53,139.0,138.1,138.76,6864781.0
2019-11-21,138.39,138.56,137.77,138.0,4196464.0
2019-11-22,138.37,138.46,137.66,137.74,3620266.0
2019-11-25,137.32,137.62,136.99,137.08,6468727.0
2019-11-26,136.98,137.8,136.58,137.74,4724383.0
2019-11-27,137.03,137.21,136.83,137.01,4106004.0
2019-11-29,137.1,138.1341,137.08,137.86,4516421.0
2019-12-02,137.314,138.09,137.3,137.79,8274464.0
2019-12-03,139.06,139.57,138.97,139.11,8500626.0
2019-12-04,139.16,139.165,138.59,138.92,6322253.0
2019-12-05,138.8,139.45,138.79,139.0,5661533.0
2019-12-06,137.76,137.8262,137.4,137.62,8714531.0
2019-12-09,137.81,137.81,137.45,137.58,2711506.0
2019-12-10,138.25,138.33,137.74,137.97,3240667.0
2019-12-11,138.2,139.3,138.1201,138.92,6051297.0
2019-12-12,139.78,139.85,137.88,138.43,8809561.0
2019-12-13,138.52,139.21,137.98,139.05,6964255.0
2019-12-16,139.2,139.39,138.8,139.04,4645603.0
2019-12-17,139.04,139.3,138.851,139.01,4287398.0
2019-12-18,138.86,139.25,138.81,139.02,3607526.0
2019-12-19,139.0421,139.55,138.87,139.38,4974681.0
2019-12-20,139.3705,139.52,138.98,139.52,4446611.0
2019-12-23,139.53,139.96,139.53,139.95,5180814.0
2019-12-24,140.4401,141.33,140.43,141.27,5303698.0
2019-12-26,142.06,142.47,141.9062,142.38,8338329.0
2019-12-27,142.26,142.73,142.17,142.33,5119883.0
2019-12-30,142.57,142.8,142.46,142.63,4810215.0
2019-12-31,143.31,143.605,142.8,142.9,5312671.0
2020-01-02,143.86,144.21,143.4,143.95,7732710.0
2020-01-03,145.7713,146.32,145.4,145.86,12272707.0
2020-01-06,148.42,148.48,146.95,147.39,14397138.0
2020-01-07,147.57,148.14,147.43,147.97,7996704.0
2020-01-08,148.49,148.61,146.14,146.86,22247107.0
2020-01-09,146.07,146.41,145.44,146.03,10292147.0
2020-01-10,146.22,146.99,146.17,146.91,6183208.0
2020-01-13,146.35,146.38,145.78,145.82,7593771.0
2020-01-14,145.4005,145.81,145.082,145.69,6589676.0
2020-01-15,146.21,146.73,145.82,146.54,6498475.0
2020-01-16,146.2313,146.4658,145.755,146.31,6051756.0
2020-01-17,146.51,146.99,146.31,146.58,11119151.0
2020-01-21,145.77,146.86,145.551,146.74,6076269.0
2020-01-22,146.68,146.81,146.38,146.79,4772215.0
2020-01-23,147.0,147.62,146.62,147.12,8411937.0
2020-01-24,146.9221,148.38,146.89,147.98,9913786.0
2020-01-27,149.21,149.32,148.4575,148.99,9963178.0
2020-01-28,148.36,148.56,147.53,147.66,7507154.0
2020-01-29,147.7,148.56,147.61,148.46,5004617.0
2020-01-30,148.69,149.31,148.01,148.47,9117215.0
2020-01-31,148.88,149.68,148.81,149.33,14781354.0
2020-02-03,148.66,148.78,147.6802,148.36,9103481.0
2020-02-04,146.96,147.03,145.8,146.43,10501897.0
2020-02-05,146.38,146.81,146.16,146.61,6156860.0
2020-02-06,147.28,147.63,147.0,147.4,4807047.0
2020-02-07,147.83,148.18,147.335,147.79,6367355.0
2020-02-10,148.21,148.4464,147.91,148.17,5788476.0
2020-02-11,148.03,148.16,147.01,147.66,5173393.0
2020-02-12,147.42,147.81,147.1567,147.54,5008759.0
2020-02-13,148.24,148.58,147.9501,148.38,7080088.0
2020-02-14,148.74,149.13,148.63,149.0,5344151.0
2020-02-18,149.88,151.09,149.47,150.91,11523582.0
2020-02-19,150.9884,151.82,150.815,151.79,9240505.0
2020-02-20,152.0,152.83,151.95,152.41,8427774.0
2020-02-21,154.4057,155.2219,154.18,154.7,16344191.0
2020-02-24,158.36,158.53,155.36,156.09,27077119.0
2020-02-25,155.12,156.08,152.91,153.3,28034251.0
2020-02-26,153.84,155.28,152.9,153.97,17902830.0
2020-02-27,155.58,156.27,153.9,154.0,27842425.0
2020-02-28,152.71,152.77,147.05,148.38,42698920.0
2020-03-02,149.97,150.73,149.04,149.2,16264343.0
2020-03-03,150.84,155.24,150.735,153.89,28473121.0
2020-03-04,154.4,154.96,153.7,154.16,12271488.0
2020-03-05,156.06,157.62,155.72,157.49,17937637.0
2020-03-06,158.32,159.25,154.54,157.55,26934835.0
2020-03-09,158.5,159.37,156.33,157.81,24773134.0
2020-03-10,156.2303,156.41,154.39,154.48,18687110.0
2020-03-11,156.26,156.5,153.61,153.93,17763825.0
2020-03-12,151.53,151.55,146.85,147.79,32836122.0
2020-03-13,149.42,149.6,141.58,143.28,35132872.0
2020-03-16,137.56,142.96,136.12,141.64,24368528.0
2020-03-17,140.18,146.2,139.93,143.56,24390448.0
2020-03-18,141.75,142.88,138.5,140.7,21891367.0
2020-03-19,139.0781,140.5,137.8503,138.04,20771230.0
2020-03-20,140.7399,141.17,139.14,140.11,19896161.0
2020-03-23,142.675,146.93,142.28,146.3,28205580.0
2020-03-24,153.5,155.66,152.05,153.4,20601136.0
2020-03-25,152.58,152.878,151.01,151.3,16408181.0
2020-03-26,153.3,154.81,152.08,153.24,12744195.0
2020-03-27,153.0,153.55,152.0,152.25,9818063.0
2020-03-30,152.41,153.08,151.57,152.92,12064244.0
2020-03-31,151.36,151.8,147.97,148.05,13282011.0
2020-04-01,148.2,150.08,147.85,149.45,11789096.0
2020-04-02,151.2,152.5,150.7,151.9,9171702.0
2020-04-03,152.4097,153.09,151.66,152.65,8466802.0
2020-04-06,154.1699,157.22,153.96,156.88,14636349.0
2020-04-07,155.33,156.14,154.38,156.04,9167837.0
2020-04-08,155.91,155.94,154.59,154.65,7589797.0
2020-04-09,158.08,159.08,157.21,158.69,18039666.0
2020-04-13,159.17,162.38,158.625,161.41,20520700.0
2020-04-14,162.6701,164.42,161.78,162.68,17085552.0
2020-04-15,161.8,162.54,160.8061,161.85,12112985.0
2020-04-16,161.88,163.15,160.65,161.71,9164551.0
2020-04-17,159.72,160.07,158.12,158.57,14646944.0
2020-04-20,158.62,160.22,158.46,159.7,10680239.0
2020-04-21,157.6,159.21,157.04,158.61,12457516.0
2020-04-22,160.5,161.74,160.42,161.73,12891829.0
2020-04-23,162.38,163.6,161.84,163.34,14920793.0
2020-04-24,163.13,163.31,160.89,162.64,11198404.0
2020-04-27,161.88,162.0,160.41,161.56,9024335.0
2020-04-28,160.89,160.98,159.16,160.84,10378909.0
2020-04-29,160.1,161.85,159.76,161.73,12221655.0
2020-04-30,160.22,160.82,158.13,158.8,13626783.0
2020-05-01,158.0,160.45,157.8,159.78,10881552.0
2020-05-04,160.33,160.95,159.91,160.34,7982737.0
2020-05-05,160.16,161.1,159.33,161.02,10550702.0
2020-05-06,158.99,159.81,158.1,158.95,13342862.0
2020-05-07,159.5,161.96,159.36,161.39,13689766.0
2020-05-08,161.08,162.0,160.0,160.42,12240280.0
2020-05-11,160.34,160.71,158.89,159.42,11191579.0
2020-05-12,160.3,160.95,159.72,160.04,10384042.0
2020-05-13,160.94,161.62,160.54,161.58,10936634.0
2020-05-14,161.53,163.34,161.51,163.01,17074770.0
2020-05-15,164.02,164.8,163.08,163.93,13915777.0
2020-05-18,164.33,164.495,162.4102,162.69,14132780.0
2020-05-19,163.6,164.43,163.04,164.26,8536322.0
2020-05-20,164.54,164.9599,163.89,164.65,10658300.0
2020-05-21,163.46,163.58,161.37,162.25,11786413.0
2020-05-22,162.88,163.47,162.74,163.21,8537849.0
2020-05-26,162.58,162.58,160.69,160.89,13929709.0
2020-05-27,159.42,161.34,159.2,161.18,13060837.0
2020-05-28,162.12,162.4598,160.9,161.72,9757164.0
2020-05-29,162.58,163.4,162.32,162.91,12581762.0
2020-06-01,162.9235,163.74,162.39,163.66,8139420.0
2020-06-02,163.9999,164.08,161.86,162.6,10385420.0
2020-06-03,160.3301,160.9,158.82,159.6,16981986.0
2020-06-04,161.14,161.87,159.84,161.28,10089713.0
2020-06-05,158.6201,158.72,157.035,158.01,16017821.0
2020-06-08,158.9,159.8599,158.47,159.72,9235800.0
2020-06-09,161.07,161.775,160.87,161.26,9028378.0
2020-06-10,162.11,163.63,160.52,163.57,12988548.0
2020-06-11,163.3299,164.06,161.9701,162.39,11669004.0
2020-06-12,163.41,163.88,162.56,162.62,6891670.0
2020-06-15,160.52,162.56,160.16,162.33,8520875.0
2020-06-16,161.85,162.685,161.36,162.25,7962903.0
2020-06-17,162.0,162.62,161.77,162.56,4752277.0
2020-06-18,162.1965,162.32,161.44,162.24,5393023.0
2020-06-19,162.87,164.09,162.78,164.03,12181570.0
2020-06-22,165.06,165.73,164.41,165.09,12357344.0
2020-06-23,165.63,166.52,165.52,166.48,12130759.0
2020-06-24,166.01,166.99,165.45,165.9,10850683.0
2020-06-25,165.89,165.91,165.16,165.8,7080571.0
2020-06-26,164.87,166.56,164.22,166.54,9742380.0
2020-06-29,166.56,166.8,166.18,166.63,6735695.0
2020-06-30,166.31,167.99,166.19,167.37,12746655.0
2020-07-01,167.05,167.06,165.34,166.62,13183934.0
2020-07-02,166.2,167.24,166.02,166.98,8750017.0
2020-07-06,167.75,168.0,167.19,167.98,7259154.0
2020-07-07,167.41,169.04,167.38,169.04,11589391.0
2020-07-08,170.32,170.86,169.78,170.09,11686924.0
2020-07-09,170.48,170.64,168.78,169.63,13317747.0
2020-07-10,169.95,170.15,168.57,169.19,8213071.0
2020-07-13,170.29,170.42,169.16,169.4,11089698.0
2020-07-14,168.97,170.2,168.81,170.19,9803313.0
2020-07-15,169.62,170.43,169.39,170.34,8728537.0
2020-07-16,169.8,170.0,168.65,168.73,10283038.0
2020-07-17,169.94,170.27,169.61,170.12,10291745.0
2020-07-20,170.76,171.07,170.27,170.94,10017165.0
2020-07-21,172.53,173.25,172.31,173.0,12824492.0
2020-07-22,174.05,175.77,173.76,175.63,18712467.0
2020-07-23,176.17,178.41,175.65,177.18,23006824.0
2020-07-24,179.14,179.16,178.2,178.7,15601327.0
2020-07-27,181.85,182.83,181.53,182.23,21115604.0
2020-07-28,182.02,184.26,181.42,183.75,21164633.0
2020-07-29,184.0089,186.14,182.39,185.13,25640100.0
2020-07-30,183.44,184.33,182.13,183.76,18061227.0
2020-07-31,184.51,185.7501,184.165,185.43,15885010.0
2020-08-03,185.05,185.82,184.2,185.64,12896999.0
2020-08-04,185.61,189.6,185.21,189.59,20773210.0
2020-08-05,191.65,193.13,190.62,191.35,27193718.0
2020-08-06,193.74,194.4499,192.5207,193.89,20640119.0
2020-08-07,192.705,192.96,189.33,190.81,24570160.0
2020-08-10,191.2,192.61,189.66,190.15,19047223.0
2020-08-11,183.57,183.98,179.43,179.94,45354997.0
2020-08-12,182.61,183.1,179.04,179.1,28779419.0
2020-08-13,181.56,184.7,181.36,183.33,18596773.0
2020-08-14,183.44,183.72,181.49,182.54,11791981.0
2020-08-17,184.69,187.01,184.66,186.5,15340780.0
2020-08-18,189.18,189.4,185.63,188.18,16291627.0
2020-08-19,187.21,187.46,181.71,182.24,24646942.0
2020-08-20,181.19,183.71,180.93,183.5,16692201.0
2020-08-21,182.14,182.81,180.47,182.03,12713741.0
2020-08-24,182.91,182.925,180.685,181.0,11605788.0
2020-08-25,181.06,181.25,179.731,181.22,10056066.0
2020-08-26,180.26,183.58,180.2,183.36,12715762.0
2020-08-27,185.0,185.17,179.37,181.24,16299207.0
2020-08-28,183.98,185.4,183.4046,184.39,13200826.0
2020-08-31,184.79,185.53,184.28,184.83,10251152.0
2020-09-01,186.99,186.99,184.33,185.05,10689058.0
2020-09-02,183.75,183.86,181.5,182.62,11536946.0
2020-09-03,182.3,182.82,180.49,181.14,12176904.0
2020-09-04,180.95,182.1,180.05,181.64,11567864.0
2020-09-08,179.5,182.27,179.02,181.29,13229196.0
2020-09-09,182.5,183.22,182.19,183.05,8424118.0
2020-09-10,184.23,184.68,182.28,182.46,9143612.0
2020-09-11,183.14,183.5499,182.005,182.45,7662287.0
2020-09-14,183.57,184.3,183.39,183.89,9709501.0
2020-09-15,184.46,184.67,182.92,183.45,7993693.0
2020-09-16,184.98,185.01,183.33,183.97,12717630.0
2020-09-17,181.92,183.09,181.48,182.96,8836188.0
2020-09-18,183.07,184.09,182.64,183.2,9959667.0
2020-09-21,179.84,180.29,176.75,179.52,17436121.0
2020-09-22,179.63,180.02,178.11,178.65,7977916.0
2020-09-23,176.98,177.26,174.1,174.79,18134030.0
2020-09-24,174.36,176.235,173.77,175.44,11759192.0
2020-09-25,174.41,175.3,173.89,174.94,6779192.0
2020-09-28,175.83,176.805,175.09,176.7,7109746.0
2020-09-29,177.19,178.33,176.95,178.19,8762004.0
2020-09-30,177.71,178.61,176.66,177.12,8371844.0
2020-10-01,178.71,179.5,178.0375,178.7,10402833.0
2020-10-02,178.69,179.29,178.16,178.54,7488503.0
2020-10-05,179.02,180.14,178.9,179.41,6969605.0
2020-10-06,180.16,180.37,177.0513,177.3,8632761.0
2020-10-07,177.09,177.42,176.43,177.22,6410899.0
2020-10-08,178.18,178.45,176.67,177.85,6530845.0
2020-10-09,180.13,181.17,179.93,181.08,15979775.0
2020-10-12,180.57,180.83,180.19,180.56,4842997.0
2020-10-13,178.5633,178.6,177.1,177.72,8384295.0
2020-10-14,179.09,179.59,178.27,178.27,9100896.0
2020-10-15,177.71,179.15,177.59,178.92,6821291.0
2020-10-16,179.22,179.32,178.13,178.3,7262158.0
2020-10-19,179.41,179.475,178.37,178.39,6084398.0
2020-10-20,178.54,179.67,178.08,179.25,7124678.0
2020-10-21,180.47,181.31,180.23,180.6,7548086.0
2020-10-22,178.8767,179.027,177.72,178.83,8376974.0
2020-10-23,179.09,179.2,177.76,178.64,5919276.0
2020-10-26,178.75,179.14,178.22,178.55,5105103.0
2020-10-27,178.71,179.43,178.51,179.02,5826871.0
2020-10-28,176.45,176.85,175.44,176.13,11734083.0
2020-10-29,175.02,176.14,174.83,175.4,8474453.0
2020-10-30,177.18,177.36,175.95,176.2,7304589.0
2020-11-02,177.4499,177.925,177.1301,177.91,6498368.0
2020-11-03,178.95,179.39,178.3,178.92,7577196.0
2020-11-04,178.93,179.19,177.66,178.82,11117259.0
2020-11-05,181.0,183.285,180.97,182.93,16102775.0
2020-11-06,183.4,183.53,182.19,183.19,10378266.0
2020-11-09,176.42,176.45,173.64,175.08,29800706.0
2020-11-10,176.75,176.91,175.66,175.66,11728459.0
2020-11-11,174.695,175.28,174.435,174.9,9008471.0
2020-11-12,176.04,176.765,175.84,175.96,7182263.0
2020-11-13,177.65,177.8,176.84,177.16,6470910.0
2020-11-16,177.23,177.91,176.87,177.15,8358474.0
2020-11-17,177.25,177.44,176.0903,176.5,8229142.0
2020-11-18,176.26,176.86,175.35,175.49,7384661.0
2020-11-19,174.3,175.22,174.17,175.16,6965056.0
2020-11-20,176.12,176.38,175.58,175.69,6380936.0
2020-11-23,175.1,175.24,171.78,172.23,15510552.0
2020-11-24,169.3,169.69,168.86,169.59,18823230.0
2020-11-25,169.975,170.52,169.24,169.51,10286575.0
2020-11-27,166.9,167.8298,166.78,167.79,10569141.0
2020-11-30,166.68,167.43,166.03,166.67,13209977.0
2020-12-01,169.76,170.48,169.3,170.18,13457085.0
2020-12-02,170.57,171.76,170.15,171.46,9199741.0
2020-12-03,172.64,172.85,171.08,172.81,10457274.0
2020-12-04,172.78,173.32,171.59,172.32,10098639.0
2020-12-07,172.56,175.29,172.51,174.89,10555101.0
2020-12-08,175.51,175.93,174.72,175.5,6348418.0
2020-12-09,173.92,174.0399,171.24,172.5,10743185.0
2020-12-10,172.9,173.58,171.7,172.17,6564030.0
2020-12-11,172.25,173.32,172.11,172.49,6084848.0
2020-12-14,171.91,172.52,170.91,171.54,7644419.0
2020-12-15,173.43,173.9799,173.055,173.94,6848629.0
2020-12-16,174.13,175.015,173.02,174.9,8174737.0
2020-12-17,177.15,177.87,176.575,176.74,9475790.0
2020-12-18,176.65,176.98,176.1,176.44,6789888.0
2020-12-21,176.29,176.94,175.76,175.88,8168924.0
2020-12-22,176.2,176.34,174.34,174.49,9447403.0
2020-12-23,175.1,176.21,175.06,175.65,6542767.0
2020-12-24,175.55,176.37,175.5145,176.35,3695443.0
2020-12-28,177.26,177.91,175.625,175.71,7750613.0
2020-12-29,176.25,176.97,175.57,176.35,5983741.0
2020-12-30,176.44,177.72,176.44,177.7,5914039.0
2020-12-31,178.07,178.4,177.32,178.36,7540757.0
2021-01-04,181.97,182.4,180.955,182.33,14331436.0
2021-01-05,182.87,183.21,181.8239,182.87,12718753.0
2021-01-06,181.49,181.58,178.24,179.9,18453495.0
2021-01-07,179.69,179.92,178.84,179.48,7110214.0
2021-01-08,176.83,176.9899,171.48,173.34,24399895.0
2021-01-11,172.14,173.68,172.03,173.0,8579195.0
2021-01-12,173.13,174.18,172.32,174.12,9699545.0
2021-01-13,173.68,174.46,173.05,173.37,14110299.0
2021-01-14,173.44,174.22,172.655,173.28,13522670.0
2021-01-15,172.8437,173.07,170.975,171.13,16172494.0
2021-01-19,172.71,172.85,171.92,172.58,7485700.0
2021-01-20,174.37,175.467,173.82,175.39,9456038.0
2021-01-21,175.11,175.51,174.51,175.28,7250164.0
2021-01-22,172.89,174.29,172.35,173.9,7269592.0
2021-01-25,174.8199,174.96,173.19,174.05,5936770.0
2021-01-26,173.98,174.26,173.4202,173.62,4685568.0
2021-01-27,172.93,173.52,171.66,172.52,9036528.0
2021-01-28,174.28,174.73,172.04,172.68,9392363.0
2021-01-29,174.87,175.1633,172.61,172.61,11252816.0
2021-02-01,175.02,175.26,174.06,174.23,9079082.0
2021-02-02,172.49,172.53,171.51,172.11,7163267.0
2021-02-03,172.36,172.5901,171.5,171.85,4658060.0
2021-02-04,168.29,168.395,167.34,168.15,13736624.0
2021-02-05,168.99,170.18,168.67,169.81,6538458.0
2021-02-08,171.9799,172.4,171.49,171.52,6887535.0
2021-02-09,172.57,173.03,171.75,172.08,5020659.0
2021-02-10,173.15,173.22,172.01,172.71,6064966.0
2021-02-11,172.7,172.871,170.71,171.21,5994522.0
2021-02-12,170.29,171.65,169.88,170.69,6018930.0
2021-02-16,168.14,170.065,167.73,168.24,14761087.0
2021-02-17,166.92,167.34,165.85,166.33,11252788.0
2021-02-18,166.98,167.3,165.73,166.32,7498157.0
2021-02-19,166.76,167.94,166.6,167.01,8273502.0
2021-02-22,168.54,169.89,168.3,169.51,9981965.0
2021-02-23,169.48,169.74,168.28,169.12,8616789.0
2021-02-24,167.65,169.14,167.15,169.0,8890612.0
2021-02-25,166.92,167.66,165.45,165.82,16233818.0
2021-02-26,165.0,165.1,160.95,161.81,22706300.0
2021-03-01,163.03,163.35,161.16,161.53,13828347.0
2021-03-02,161.93,162.925,161.22,162.41,11424608.0
2021-03-03,160.61,161.69,159.485,160.62,13059936.0
2021-03-04,160.6,161.455,158.43,159.04,13870077.0
2021-03-05,159.66,159.82,158.55,159.14,12068139.0
2021-03-08,158.58,158.74,157.1297,157.49,12134854.0
2021-03-09,160.75,161.2521,160.415,160.84,10382555.0
2021-03-10,161.06,161.78,160.66,161.66,7962003.0
2021-03-11,161.47,161.98,161.12,161.52,6749209.0
2021-03-12,159.54,161.69,159.35,161.49,8608514.0
2021-03-15,162.305,162.55,161.43,162.2,8110140.0
2021-03-16,162.36,163.2,161.81,162.35,7547417.0
2021-03-17,162.268,164.15,161.48,163.51,12626689.0
2021-03-18,161.15,162.82,161.11,162.56,8731762.0
2021-03-19,162.56,163.43,162.4299,163.24,6868892.0
2021-03-22,162.27,163.13,162.16,163.0,5239970.0
2021-03-23,162.45,162.49,161.592,161.81,6048301.0
2021-03-24,162.21,162.89,161.94,162.37,6183666.0
2021-03-25,163.0599,163.5799,161.32,161.78,8398596.0
2021-03-26,161.71,162.73,161.6499,162.24,6153894.0
2021-03-29,161.46,161.52,159.83,160.31,8409316.0
2021-03-30,157.94,158.2,157.55,157.57,8353246.0
2021-03-31,158.06,160.68,158.05,159.96,10623771.0
2021-04-01,161.56,162.11,161.28,161.98,7105228.0
2021-04-05,161.52,162.4047,161.36,161.92,6163799.0
2021-04-06,162.79,163.53,162.75,163.22,6761166.0
2021-04-07,162.82,163.31,162.5,162.76,5436014.0
2021-04-08,164.1679,164.77,164.14,164.51,6574524.0
2021-04-09,162.75,163.66,162.48,163.27,6657898.0
2021-04-12,162.73,162.8,161.81,162.28,4896669.0
2021-04-13,163.18,163.85,163.03,163.43,6995903.0
2021-04-14,162.77,163.05,162.3,162.72,6312296.0
2021-04-15,164.07,165.79,164.03,165.35,8250646.0
2021-04-16,166.24,166.811,165.94,166.35,10057602.0
2021-04-19,165.91,166.44,165.72,165.89,5721727.0
2021-04-20,165.65,166.81,165.62,166.48,6531979.0
2021-04-21,167.18,168.39,167.15,168.13,8380178.0
2021-04-22,167.11,167.53,166.4901,167.04,7680140.0
2021-04-23,167.37,167.53,165.78,166.4,7107484.0
2021-04-26,166.63,166.865,166.05,166.84,4786613.0
2021-04-27,166.92,167.15,166.28,166.42,5363499.0
2021-04-28,165.75,166.96,165.49,166.91,6932217.0
2021-04-29,165.58,166.26,164.47,166.22,9067627.0
2021-04-30,165.86,166.0,165.24,165.66,6248711.0
2021-05-03,167.61,168.43,167.41,167.81,9014708.0
2021-05-04,167.69,168.55,165.5,166.58,10267411.0
2021-05-05,166.63,167.31,166.61,167.27,5950000.0
2021-05-06,167.95,170.29,167.92,170.06,13574072.0
2021-05-07,171.53,172.5501,171.0,171.59,14748628.0
2021-05-10,172.74,172.84,171.78,172.11,8276584.0
2021-05-11,170.5582,172.17,170.27,172.14,8348213.0
2021-05-12,171.4321,171.835,170.345,170.43,12666262.0
2021-05-13,170.35,171.27,170.225,171.13,8078266.0
2021-05-14,172.05,172.7,171.82,172.69,9686777.0
2021-05-17,173.3,175.0,173.28,174.7,11956831.0
2021-05-18,175.18,175.21,174.46,175.04,7294010.0
2021-05-19,175.14,177.0,174.345,175.16,20741106.0
2021-05-20,175.32,176.46,175.11,175.96,9802799.0
2021-05-21,176.58,176.8602,175.145,176.04,7677190.0
2021-05-24,176.15,176.59,175.87,176.35,5557339.0
2021-05-25,176.15,177.95,176.04,177.95,8986945.0
2021-05-26,178.368,178.61,177.04,177.64,8495383.0
2021-05-27,177.39,177.82,176.81,177.71,7992951.0
2021-05-28,177.46,178.43,177.2411,178.38,9968324.0
2021-06-01,178.76,178.85,177.19,177.9,9143250.0
2021-06-02,178.34,178.78,177.97,178.77,6613106.0
2021-06-03,175.83,175.83,174.66,175.27,10153899.0
2021-06-04,176.65,177.57,176.61,177.16,8375264.0
2021-06-07,176.96,177.9,176.63,177.87,7709094.0
2021-06-08,177.23,177.54,176.37,177.32,5905832.0
2021-06-09,177.38,177.8,176.78,176.98,6346094.0
2021-06-10,176.7,177.85,176.48,177.74,9896612.0
2021-06-11,176.33,176.57,175.48,175.74,7836860.0
2021-06-14,173.16,175.06,172.95,174.71,7733645.0
2021-06-15,174.78,174.915,173.34,174.05,7550154.0
2021-06-16,173.91,174.465,171.03,171.11,16039864.0
2021-06-17,167.02,167.615,165.44,165.85,27232236.0
2021-06-18,166.14,166.72,164.87,164.93,15744310.0
2021-06-21,166.52,167.2218,166.0,166.95,8370991.0
2021-06-22,166.35,166.915,166.01,166.25,7223919.0
2021-06-23,166.97,168.03,165.97,166.14,8474276.0
2021-06-24,167.0,167.23,166.01,166.04,6903352.0
2021-06-25,167.45,167.525,166.29,166.59,7473679.0
2021-06-28,166.68,166.91,166.3575,166.58,6508902.0
2021-06-29,164.34,165.2782,164.01,164.83,7451415.0
2021-06-30,164.57,166.1,164.29,165.63,7955839.0
2021-07-01,166.65,166.88,165.5,166.2,7430497.0
2021-07-02,167.35,167.715,166.4,167.29,7873574.0
2021-07-06,169.27,169.65,167.54,168.12,7932050.0
2021-07-07,168.72,169.23,168.19,168.76,7108909.0
2021-07-08,169.82,169.855,167.91,168.65,7244275.0
2021-07-09,168.84,169.62,168.66,169.21,4997398.0
2021-07-12,168.7,169.16,167.64,169.0,7315422.0
2021-07-13,169.51,169.9,168.93,169.22,7040277.0
2021-07-14,170.91,171.04,170.28,171.04,8830335.0
2021-07-15,170.89,171.3,170.34,171.07,6520126.0
2021-07-16,170.65,170.95,169.28,169.41,9460348.0
2021-07-19,169.51,169.91,168.89,169.61,6707365.0
2021-07-20,170.51,170.8,168.92,169.39,6540058.0
2021-07-21,168.33,169.0,168.14,168.76,4622581.0
2021-07-22,168.49,169.191,168.06,169.09,4793605.0
2021-07-23,168.5,168.88,167.95,168.56,5831463.0
2021-07-26,168.58,168.86,168.08,168.16,5229817.0
2021-07-27,168.73,168.905,167.93,168.44,6300183.0
2021-07-28,168.26,169.38,167.72,169.29,7905846.0
2021-07-29,170.7,171.52,170.67,171.17,8092385.0
2021-07-30,170.72,170.99,169.38,169.82,7391706.0
2021-08-02,169.3,170.245,169.1,169.61,10783240.0
2021-08-03,169.42,169.83,169.21,169.49,5402340.0
2021-08-04,171.28,171.4,168.99,169.53,9796349.0
2021-08-05,169.37,169.4371,168.203,168.86,7893245.0
2021-08-06,165.84,165.93,164.55,164.64,13547643.0
2021-08-09,163.01,163.295,161.26,161.72,11546973.0
2021-08-10,161.39,162.11,160.68,161.77,6870766.0
2021-08-11,163.15,164.17,162.68,164.0,7382417.0
2021-08-12,163.65,164.1,162.9335,164.04,5222080.0
2021-08-13,165.02,166.46,164.89,166.39,7388246.0
2021-08-16,166.73,167.39,166.59,167.22,7781796.0
2021-08-17,167.29,167.73,166.56,166.97,7106992.0
2021-08-18,167.24,167.51,166.26,167.1,7697931.0
2021-08-19,167.24,167.29,166.16,166.61,6934268.0
2021-08-20,166.8,167.14,166.36,166.7,7154348.0
2021-08-23,168.82,168.91,167.96,168.73,8190548.0
2021-08-24,169.04,169.27,168.52,168.65,4519173.0
2021-08-25,167.88,167.92,166.74,167.48,5588751.0
2021-08-26,167.21,168.21,166.83,167.67,4371866.0
2021-08-27,167.58,170.19,166.87,170.19,10036431.0
2021-08-30,169.66,169.835,169.09,169.35,3768628.0
2021-08-31,169.23,169.92,168.75,169.69,6336002.0
2021-09-01,169.94,170.0,169.16,169.7,4764866.0
2021-09-02,169.5,169.63,168.82,169.25,4601128.0
2021-09-03,170.59,171.55,170.15,171.06,8353646.0
2021-09-07,169.56,169.78,167.63,167.71,10007697.0
2021-09-08,168.02,168.08,166.7,167.29,6575990.0
2021-09-09,168.17,168.28,166.83,168.03,6641424.0
2021-09-10,167.81,168.08,167.145,167.18,7426272.0
2021-09-13,167.45,168.22,167.395,167.74,5474323.0
2021-09-14,168.22,169.16,167.48,168.82,7922917.0
2021-09-15,168.1332,168.36,167.45,167.83,5624883.0
2021-09-16,164.38,164.44,163.233,164.03,11780399.0
2021-09-17,163.86,164.32,163.4,163.77,8369679.0
2021-09-20,164.29,165.28,164.07,164.94,7566577.0
2021-09-21,165.81,166.63,165.49,166.04,7181458.0
2021-09-22,165.89,167.15,165.03,165.42,9777794.0
2021-09-23,164.1,164.2,163.27,163.51,8451899.0
2021-09-24,163.0,164.0,162.74,163.3,6937521.0
2021-09-27,163.85,164.3608,163.51,163.64,4942989.0
2021-09-28,162.73,162.82,161.73,162.05,9282755.0
2021-09-29,162.35,162.74,160.97,161.32,8360656.0
2021-09-30,162.66,164.95,162.34,164.22,10574824.0
2021-10-01,164.27,164.96,163.885,164.59,6654686.0
2021-10-04,163.69,165.54,163.47,165.36,7651658.0
2021-10-05,163.94,164.85,163.49,164.59,5617283.0
2021-10-06,164.23,165.06,164.1531,165.03,6067156.0
2021-10-07,164.02,164.8507,163.96,164.16,4791505.0
2021-10-08,166.32,166.42,164.135,164.23,8536109.0
2021-10-11,164.04,164.58,163.91,163.92,3820087.0
2021-10-12,164.5701,165.44,164.31,164.66,5453049.0
2021-10-13,165.28,167.92,165.28,167.59,11118291.0
2021-10-14,168.19,168.22,167.71,168.0,5083847.0
2021-10-15,165.39,166.09,165.1,165.33,8699223.0
2021-10-18,165.42,165.59,164.81,164.92,4029594.0
2021-10-19,166.5,166.5,165.2001,165.45,6588473.0
2021-10-20,166.21,167.11,165.9258,166.9,5022036.0
2021-10-21,166.7,166.94,166.24,166.75,4412389.0
2021-10-22,168.67,169.54,166.67,167.77,10703927.0
2021-10-25,168.66,169.21,168.53,168.93,4881346.0
2021-10-26,167.88,167.91,166.63,167.68,6658890.0
2021-10-27,167.73,168.2,166.86,168.12,5823080.0
2021-10-28,168.98,169.25,167.53,168.08,7000717.0
2021-10-29,166.29,166.73,165.64,166.65,7531872.0
2021-11-01,167.38,167.84,166.91,167.52,4963736.0
2021-11-02,167.43,167.63,166.963,167.16,3603983.0
2021-11-03,165.34,165.95,164.38,165.77,9055208.0
2021-11-04,167.51,168.14,167.37,167.65,6656097.0
2021-11-05,168.42,169.94,167.85,169.84,9368948.0
2021-11-08,170.43,170.7,170.06,170.45,4966135.0
2021-11-09,170.73,171.31,170.12,171.29,5686157.0
2021-11-10,173.67,174.65,172.11,173.15,11461779.0
2021-11-11,173.98,174.27,173.74,174.12,5959640.0
2021-11-12,173.51,174.67,173.4,174.45,7638200.0
2021-11-15,174.1,174.59,173.69,174.18,5630808.0
2021-11-16,173.97,174.48,172.86,172.92,8667323.0
2021-11-17,174.24,174.605,173.89,174.5,6523061.0
2021-11-18,173.96,174.36,173.53,173.94,6253445.0
2021-11-19,173.69,174.1,172.235,172.61,8787253.0
2021-11-22,169.9,170.44,168.42,168.74,13100511.0
2021-11-23,167.28,167.6,166.53,167.28,8053370.0
2021-11-24,166.5825,167.44,166.32,167.12,5359457.0
2021-11-26,168.6,168.64,166.37,166.85,9605192.0
2021-11-29,166.84,167.255,166.38,166.62,7394940.0
2021-11-30,167.77,169.01,165.37,165.5,12925270.0
2021-12-01,166.84,167.47,166.06,166.16,7825484.0
2021-12-02,165.89,165.9405,164.63,165.24,9604118.0
2021-12-03,165.49,166.93,165.0,166.63,9507938.0
2021-12-06,166.14,166.8,165.93,166.22,4813624.0
2021-12-07,166.2,167.08,166.18,166.81,4900713.0
2021-12-08,166.51,166.96,166.28,166.9,4288935.0
2021-12-09,166.54,166.58,165.65,165.88,4913771.0
2021-12-10,166.72,166.915,166.18,166.58,6450614.0
2021-12-13,166.9,167.255,166.67,167.0,6610673.0
2021-12-14,165.34,166.14,165.16,165.44,8637879.0
2021-12-15,165.27,166.4,163.8,166.15,14231184.0
2021-12-16,167.01,168.18,166.94,168.16,11186197.0
2021-12-17,168.73,169.125,167.78,167.8,9867792.0
2021-12-20,167.88,168.0,167.06,167.09,6972959.0
2021-12-21,167.69,167.7754,166.74,167.02,4548504.0
2021-12-22,167.58,168.64,167.11,168.59,4672941.0
2021-12-23,168.69,169.16,168.01,168.97,4551124.0
2021-12-27,168.96,169.42,168.78,169.37,4763297.0
2021-12-28,169.33,169.65,168.62,168.64,4545714.0
2021-12-29,167.36,168.69,167.28,168.59,5889714.0
2021-12-30,168.43,169.81,168.37,169.8,5426311.0
2021-12-31,170.53,171.04,170.04,170.96,6911001.0
2022-01-03,168.86,169.01,168.0,168.33,9014423.0
2022-01-04,168.9,169.72,168.73,169.57,6965598.0
2022-01-05,170.62,170.93,168.9,169.06,8715585.0
2022-01-06,167.16,167.75,166.86,166.99,10902661.0
2022-01-07,167.37,168.01,166.86,167.75,8191936.0
2022-01-10,167.36,168.3,167.31,168.26,7026475.0
2022-01-11,168.44,170.31,168.37,170.29,8313121.0
2022-01-12,170.19,170.75,170.01,170.74,6280745.0
2022-01-13,170.09,170.22,169.27,170.16,7034202.0
2022-01-14,170.22,170.56,169.4796,169.67,7865900.0
2022-01-18,169.6401,170.005,169.09,169.39,9095749.0
2022-01-19,170.3919,172.1895,170.2,172.08,15712388.0
2022-01-20,172.31,172.5999,171.585,171.65,9570477.0
2022-01-21,172.04,172.12,170.74,171.09,10982517.0
2022-01-24,171.78,172.14,170.85,172.03,15735970.0
2022-01-25,171.95,173.1499,171.775,172.58,17382097.0
2022-01-26,171.39,171.725,169.48,169.79,17799403.0
2022-01-27,168.02,169.09,167.325,167.6,15875306.0
2022-01-28,166.56,167.46,166.365,167.1,9782484.0
2022-01-31,167.79,168.14,167.46,168.09,8539265.0
2022-02-01,168.57,168.85,167.87,168.23,9763909.0
2022-02-02,168.34,169.12,168.155,168.84,9085285.0
2022-02-03,168.31,168.82,167.03,168.6,10650800.0
2022-02-04,168.04,169.1,167.99,168.86,9619611.0
2022-02-07,169.45,170.3,169.19,170.11,7796866.0
2022-02-08,170.1,170.78,169.95,170.63,5801993.0
2022-02-09,170.68,171.42,170.55,171.21,8002766.0
2022-02-10,170.5201,171.99,170.46,170.56,10693524.0
2022-02-11,170.75,174.2,170.71,173.81,25741494.0
2022-02-14,173.78,175.0,173.68,174.74,13650704.0
2022-02-15,173.1,173.34,172.39,173.08,12607006.0
2022-02-16,173.49,174.86,173.48,174.86,12772069.0
2022-02-17,176.7,177.53,176.39,177.25,18612546.0
2022-02-18,177.07,177.25,176.51,177.12,12760663.0
2022-02-22,177.67,178.07,176.8175,177.49,14803961.0
2022-02-23,177.39,178.39,177.36,178.29,11772201.0
2022-02-24,182.59,182.6,175.27,177.14,32725999.0
2022-02-25,176.42,176.79,175.79,176.55,11530929.0
2022-02-28,178.86,178.99,176.5,178.38,16055844.0
2022-03-01,179.0456,181.76,179.03,181.62,21942127.0
2022-03-02,180.13,180.71,178.788,179.73,19727192.0
2022-03-03,179.96,181.3,179.5,180.8,14826051.0
2022-03-04,182.1137,183.98,181.36,183.68,22412092.0
2022-03-07,184.45,186.64,184.22,186.41,27951785.0
2022-03-08,188.35,193.3,188.26,191.51,47347678.0
2022-03-09,186.04,187.225,184.76,185.82,26839671.0
2022-03-10,186.8799,187.38,184.99,186.4,18455213.0
2022-03-11,183.7399,185.78,183.44,185.09,14824715.0
2022-03-14,183.03,183.29,181.95,182.3,13186389.0
2022-03-15,179.1,180.27,178.01,178.89,16962273.0
2022-03-16,179.13,180.115,176.87,180.01,17548090.0
2022-03-17,181.16,182.03,180.65,180.89,10954139.0
2022-03-18,179.93,180.93,179.035,179.3,13935386.0
2022-03-21,179.33,181.29,179.32,180.67,10533070.0
2022-03-22,179.6,179.71,178.3231,179.36,9613616.0
2022-03-23,180.29,181.89,179.76,181.81,12557272.0
2022-03-24,182.35,183.51,181.77,183.13,10970070.0
2022-03-25,181.81,183.13,181.35,182.38,7653887.0
2022-03-28,180.38,181.325,178.85,179.06,9489725.0
2022-03-29,177.02,179.33,176.69,179.14,10458927.0
2022-03-30,179.76,180.92,179.6801,180.58,8361286.0
2022-03-31,180.91,181.96,180.56,180.65,9844398.0
2022-04-01,179.5501,180.4599,178.98,179.5,13034395.0
2022-04-04,180.2439,180.81,179.58,180.37,7063124.0
2022-04-05,180.91,181.49,178.93,179.24,10786302.0
2022-04-06,179.78,180.31,178.7,179.66,8942121.0
2022-04-07,179.87,180.88,179.8,180.34,10140585.0
2022-04-08,180.52,181.82,180.52,181.47,10655681.0
2022-04-11,183.17,183.33,181.11,182.37,10071319.0
2022-04-12,184.04,184.64,182.96,183.77,12024560.0
2022-04-13,184.5,184.94,184.13,184.65,8651635.0
2022-04-14,184.28,184.41,182.88,184.04,11567178.0
2022-04-18,185.95,186.1,184.39,184.61,8886690.0
2022-04-19,183.19,183.6506,181.33,181.82,12585622.0
2022-04-20,181.59,182.72,181.35,182.71,6881433.0
2022-04-21,181.77,182.32,180.775,182.06,9639834.0
2022-04-22,180.7235,181.605,179.74,180.29,9146973.0
2022-04-25,177.17,177.51,176.48,177.05,13073688.0
2022-04-26,177.95,178.3,176.915,177.32,8874511.0
2022-04-27,176.4561,176.64,175.5,175.98,8854721.0
2022-04-28,175.92,176.965,175.69,176.93,6384762.0
2022-04-29,178.0667,178.615,176.71,176.91,7719702.0
2022-05-02,173.6121,174.65,172.98,173.63,14318600.0
2022-05-03,173.89,175.205,173.85,174.09,7214348.0
2022-05-04,174.32,176.35,173.67,175.8,10465954.0
2022-05-05,177.56,177.61,174.66,175.13,12794160.0
2022-05-06,175.39,176.56,174.86,175.42,7643269.0
2022-05-09,174.27,174.27,172.79,172.88,10742410.0
2022-05-10,173.8039,173.96,171.2,171.42,11010440.0
2022-05-11,172.51,173.32,172.2,172.82,9179592.0
2022-05-12,172.072,172.4,169.9,170.17,11626799.0
2022-05-13,168.312,169.62,168.01,168.79,13031057.0
2022-05-16,168.43,170.43,168.34,170.4,7319277.0
2022-05-17,170.44,170.53,169.1409,169.33,6441110.0
2022-05-18,169.01,170.21,168.81,169.42,7472850.0
2022-05-19,171.5489,172.5197,170.89,171.91,10580267.0
2022-05-20,171.71,172.24,170.89,172.03,6578056.0
2022-05-23,173.13,173.38,172.28,172.83,5518503.0
2022-05-24,173.47,174.41,173.35,174.13,6793991.0
2022-05-25,172.79,173.16,171.73,173.08,4595917.0
2022-05-26,172.13,172.93,171.76,172.76,6466982.0
2022-05-27,173.4901,173.52,172.64,172.85,3847871.0
2022-05-31,172.71,173.07,171.08,171.14,6243967.0
2022-06-01,172.2099,172.53,171.39,172.23,6946516.0
2022-06-02,173.66,174.45,173.49,174.35,5623129.0
2022-06-03,173.5285,173.965,172.25,172.58,5519407.0
2022-06-06,172.81,172.89,171.65,171.82,3766042.0
2022-06-07,172.11,173.05,171.985,172.94,3860035.0
2022-06-08,172.89,173.45,172.67,172.78,5140816.0
2022-06-09,172.45,172.59,171.58,172.23,4701143.0
2022-06-10,170.89,174.94,170.46,174.54,16856138.0
2022-06-13,171.18,171.335,169.61,169.93,13265243.0
2022-06-14,169.61,169.7309,168.3,168.57,7347935.0
2022-06-15,170.4,171.84,169.08,170.77,9000294.0
2022-06-16,170.56,172.77,170.17,172.69,8823558.0
2022-06-17,172.15,172.3,170.97,171.27,7407223.0
2022-06-21,171.06,171.91,170.47,170.63,5608485.0
2022-06-22,171.61,172.3,171.1,171.31,6558656.0
2022-06-23,171.39,172.13,169.9,170.26,6535261.0
2022-06-24,170.24,170.7401,169.85,170.09,6143081.0
2022-06-27,170.595,170.67,169.75,169.9,5719684.0
2022-06-28,170.0699,170.21,169.51,169.62,2984450.0
2022-06-29,170.58,170.7,169.17,169.49,4785576.0
2022-06-30,169.51,169.96,168.24,168.46,9144391.0
2022-07-01,167.135,168.68,166.96,168.32,11380332.0
2022-07-05,167.18,167.33,164.41,164.75,14035426.0
2022-07-06,164.32,164.57,161.47,162.14,11861144.0
2022-07-07,162.43,163.04,162.06,162.23,4588418.0
2022-07-08,162.35,163.38,161.84,162.3,4584112.0
2022-07-11,161.93,162.435,161.3757,161.43,4321663.0
2022-07-12,161.22,161.62,160.72,160.83,5375081.0
2022-07-13,160.1,162.705,160.06,161.6,8456636.0
2022-07-14,159.02,159.83,158.22,159.33,12213614.0
2022-07-15,159.01,159.25,158.35,159.01,6783785.0
2022-07-18,160.08,160.43,159.05,159.16,5791779.0
2022-07-19,159.47,159.87,159.33,159.54,3796198.0
2022-07-20,159.71,159.815,158.025,158.04,4795846.0
2022-07-21,158.31,160.31,158.2699,160.27,5863333.0
2022-07-22,160.55,162.13,160.35,160.67,5733753.0
2022-07-25,160.64,160.7,159.81,160.23,3713368.0
2022-07-26,160.23,160.5,159.79,160.04,2672764.0
2022-07-27,160.02,162.21,159.51,161.67,5709082.0
2022-07-28,163.31,163.76,162.88,163.64,5606353.0
2022-07-29,163.89,164.69,163.28,164.1,7537307.0
2022-08-01,164.98,165.41,164.41,165.03,4666912.0
2022-08-02,165.66,166.46,164.02,164.05,5725388.0
2022-08-03,164.77,164.91,163.475,164.45,4417759.0
2022-08-04,165.53,167.31,165.34,167.17,5502000.0
2022-08-05,164.99,165.84,164.87,165.29,6023291.0
2022-08-08,166.03,166.8103,165.93,166.69,3457314.0
2022-08-09,167.48,167.8,166.82,167.2,3205505.0
2022-08-10,167.3925,167.98,166.6201,166.78,4077274.0
2022-08-11,167.16,167.66,166.31,166.34,4445977.0
2022-08-12,167.17,167.94,166.83,167.87,5151653.0
2022-08-15,165.99,166.25,165.44,165.71,5236292.0
2022-08-16,165.31,165.72,165.18,165.42,4291529.0
2022-08-17,165.21,165.228,163.95,164.35,5569071.0
2022-08-18,164.6,164.9125,163.545,163.92,3646087.0
2022-08-19,163.65,163.74,162.615,162.72,8172954.0
2022-08-22,161.66,162.12,161.36,161.64,4458113.0
2022-08-23,161.96,163.43,161.91,162.77,4425075.0
2022-08-24,162.44,163.61,162.37,163.25,3202411.0
2022-08-25,163.97,163.985,163.24,163.75,2857488.0
2022-08-26,163.12,163.61,161.55,161.76,6689259.0
2022-08-29,161.88,162.62,161.7,161.86,4583683.0
2022-08-30,161.27,161.43,160.34,160.51,4856576.0
2022-08-31,159.5,160.575,159.255,159.27,5438641.0
2022-09-01,158.17,158.39,157.32,157.87,7390755.0
2022-09-02,159.3499,160.06,159.14,159.26,5196908.0
2022-09-06,159.17,159.46,158.32,158.33,4385797.0
2022-09-07,158.15,160.15,158.08,159.94,3981410.0
2022-09-08,159.54,159.86,158.7115,158.98,4607118.0
2022-09-09,159.72,160.24,159.41,159.82,3927788.0
2022-09-12,161.04,161.62,160.55,160.63,4537530.0
2022-09-13,158.47,159.2675,158.39,158.54,6526388.0
2022-09-14,158.68,158.98,157.73,157.93,6091085.0
2022-09-15,156.76,157.485,154.62,154.98,13181203.0
2022-09-16,154.66,156.56,154.34,155.84,7141210.0
2022-09-19,154.87,156.04,154.815,155.96,5582767.0
2022-09-20,155.03,155.23,154.59,155.07,5943724.0
2022-09-21,155.97,157.25,154.01,155.79,7816071.0
2022-09-22,156.26,156.48,155.31,155.7,5961773.0
2022-09-23,153.9,154.0,152.64,153.01,9597991.0
2022-09-26,153.22,153.51,151.0301,151.23,8240501.0
2022-09-27,152.25,152.73,151.5,151.54,7151310.0
2022-09-28,153.2,154.88,152.93,154.69,8977243.0
2022-09-29,154.14,155.03,153.16,154.66,6317021.0
2022-09-30,154.94,156.045,154.57,154.67,6832430.0
2022-10-03,155.438,158.48,155.23,158.43,10362232.0
2022-10-04,159.18,161.08,158.92,160.7,8024496.0
2022-10-05,159.32,160.08,158.38,159.81,5296309.0
2022-10-06,159.41,159.94,158.9511,159.63,5712627.0
2022-10-07,158.46,158.98,157.68,157.88,5030041.0
2022-10-10,155.94,156.35,155.12,155.48,6110794.0
2022-10-11,155.49,156.81,154.92,155.16,5306673.0
2022-10-12,155.51,156.29,155.26,155.99,3998472.0
2022-10-13,153.48,155.73,152.92,154.91,7083767.0
2022-10-14,154.02,154.1996,152.72,152.98,5474648.0
2022-10-17,154.92,155.33,153.325,153.42,4348044.0
2022-10-18,154.08,154.2393,153.24,153.75,4528441.0
2022-10-19,152.09,152.49,151.54,151.69,8257060.0
2022-10-20,151.92,153.23,151.27,151.45,5019849.0
2022-10-21,151.98,154.31,151.83,154.15,6898351.0
2022-10-24,153.45,154.06,153.06,153.65,4673274.0
2022-10-25,153.9599,154.79,153.83,154.0,3434053.0
2022-10-26,154.78,155.73,154.78,154.98,4451056.0
2022-10-27,154.7148,155.09,154.22,154.74,3654871.0
2022-10-28,152.96,153.54,152.5,153.16,4645440.0
2022-10-31,152.16,152.8721,151.89,151.91,6097760.0
2022-11-01,153.82,153.98,152.87,153.46,4603597.0
2022-11-02,154.16,155.42,152.26,152.39,7220403.0
2022-11-03,150.699,151.955,150.5703,151.81,5378810.0
2022-11-04,154.95,156.6,154.66,156.47,7691954.0
2022-11-07,156.22,156.569,155.81,155.85,4425710.0
2022-11-08,155.99,159.87,155.975,159.45,11299635.0
2022-11-09,159.359,160.35,158.45,158.65,6040627.0
2022-11-10,162.01,163.51,161.655,163.48,9939858.0
2022-11-11,163.914,164.58,163.42,164.56,4622422.0
2022-11-14,164.2,165.24,164.15,164.92,6187552.0
2022-11-15,165.27,166.23,164.56,165.5,9903495.0
2022-11-16,165.41,165.71,164.8301,165.12,3645845.0
2022-11-17,163.79,164.1099,163.4,163.92,4578129.0
2022-11-18,163.38,163.69,162.68,162.79,4321075.0
2022-11-21,162.44,162.5,161.28,161.88,4766512.0
2022-11-22,162.3,162.6,161.72,162.07,3203837.0
2022-11-23,161.69,163.24,161.56,163.08,4167005.0
2022-11-25,162.85,163.43,162.765,163.22,1436508.0
2022-11-28,162.93,163.06,161.91,161.93,4053918.0
2022-11-29,162.7,163.6299,162.6,162.73,2620637.0
2022-11-30,163.69,164.81,162.4,164.81,4874746.0
2022-12-01,167.48,167.95,166.975,167.84,8625780.0
2022-12-02,166.18,167.47,165.76,167.26,5185941.0
2022-12-05,166.55,166.72,164.3201,164.39,5436175.0
2022-12-06,165.2,165.54,164.45,164.84,3597758.0
2022-12-07,165.4699,166.64,165.318,166.33,4610697.0
2022-12-08,166.58,167.045,166.07,166.47,3217874.0
2022-12-09,167.26,168.085,166.6,167.06,5431272.0
2022-12-12,166.438,166.6,165.43,165.68,3504409.0
2022-12-13,169.21,169.79,168.02,168.51,6750199.0
2022-12-14,168.43,168.81,167.14,168.1,5642965.0
2022-12-15,165.73,166.21,165.1,165.35,8370909.0
2022-12-16,166.02,166.98,165.84,166.79,5371967.0
2022-12-19,166.71,167.11,165.99,166.32,3940525.0
2022-12-20,168.1,169.53,168.03,169.08,7803118.0
2022-12-21,169.04,169.71,168.675,168.8,3990060.0
2022-12-22,167.76,167.7632,166.06,166.76,5672656.0
2022-12-23,166.8801,167.795,166.66,167.26,2912300.0
2022-12-27,167.89,170.61,167.8,168.67,6885715.0
2022-12-28,168.05,168.34,167.1,167.91,3662456.0
2022-12-29,168.54,169.35,168.52,168.85,3345874.0
2022-12-30,169.26,169.8999,168.795,169.64,2864455.0
2023-01-03,171.32,172.09,170.02,171.06,7992927.0
2023-01-04,172.86,173.09,171.845,172.67,7574633.0
2023-01-05,170.824,171.0,169.79,170.52,4692610.0
2023-01-06,171.76,173.96,171.23,173.71,7888954.0
2023-01-09,174.51,175.035,173.881,174.1,5134503.0
2023-01-10,174.61,174.98,174.06,174.74,4398411.0
2023-01-11,174.76,174.79,173.72,174.62,3374201.0
2023-01-12,176.01,176.71,174.88,176.64,6936919.0
2023-01-13,176.96,178.825,176.8934,178.76,7468768.0
2023-01-17,178.21,178.24,177.09,177.59,6610834.0
2023-01-18,178.92,179.18,176.9,177.08,5384664.0
2023-01-19,178.37,180.03,178.09,179.89,6678687.0
2023-01-20,179.06,179.66,178.645,179.29,5754818.0
2023-01-23,178.35,179.69,177.78,179.63,5265507.0
2023-01-24,179.56,180.32,178.35,180.28,4604628.0
2023-01-25,179.35,181.22,179.2925,181.11,6925348.0
2023-01-26,180.146,180.265,178.46,179.47,5860129.0
2023-01-27,179.27,179.72,178.262,179.22,6052728.0
2023-01-30,179.286,179.43,178.65,178.76,4210726.0
2023-01-31,178.82,179.699,178.54,179.41,5976888.0
2023-02-01,179.75,181.73,178.63,181.67,7996005.0
2023-02-02,181.08,181.11,177.74,177.9,8842396.0
2023-02-03,174.92,175.43,173.12,173.46,13674441.0
2023-02-06,174.11,174.455,173.28,173.82,8956963.0
2023-02-07,173.72,175.27,173.47,173.98,6794153.0
2023-02-08,174.942,174.99,173.83,174.41,4075638.0
2023-02-09,175.49,175.52,172.87,173.03,5361340.0
2023-02-10,173.63,173.68,172.63,173.36,2971125.0
2023-02-13,172.7,172.9014,172.07,172.48,3970786.0
2023-02-14,171.97,173.51,171.41,172.61,5403099.0
2023-02-15,170.6,170.99,170.16,170.89,5435337.0
2023-02-16,170.34,171.6,169.96,170.75,4540398.0
2023-02-17,169.87,171.47,169.52,171.26,4809799.0
2023-02-21,171.2,171.5,170.34,170.62,4035933.0
2023-02-22,170.81,170.96,169.56,169.66,4105675.0
2023-02-23,169.84,170.125,169.08,169.57,5073479.0
2023-02-24,168.42,168.84,168.19,168.35,6496496.0
2023-02-27,168.88,169.23,168.55,169.01,4509151.0
2023-02-28,168.781,170.25,168.59,169.78,6761585.0
2023-03-01,170.95,171.49,170.47,170.76,6590468.0
2023-03-02,170.52,170.975,170.36,170.66,3952266.0
2023-03-03,171.45,172.595,170.98,172.49,6894466.0
2023-03-06,172.32,172.37,171.54,171.62,4264124.0
2023-03-07,170.42,170.47,168.52,168.62,8713268.0
2023-03-08,168.61,169.59,168.52,168.54,5718595.0
2023-03-09,169.751,170.65,169.71,170.2,5582980.0
2023-03-10,171.93,173.88,171.92,173.87,13803437.0
2023-03-13,176.66,178.02,176.3,177.86,20554417.0
2023-03-14,177.35,177.59,176.21,176.83,10019032.0
2023-03-15,178.86,180.13,177.49,178.21,14546095.0
2023-03-16,179.51,179.654,177.87,178.57,10764872.0
2023-03-17,181.02,184.81,180.77,183.77,24156266.0
2023-03-20,184.19,184.54,182.74,183.84,11845678.0
2023-03-21,182.65,182.73,179.9,180.37,10734493.0
2023-03-22,180.4,183.94,180.28,183.44,11969561.0
2023-03-23,183.91,186.24,183.5996,185.74,11347149.0
2023-03-24,185.606,185.99,183.62,183.65,9253075.0
2023-03-27,181.15,182.15,180.69,181.95,6925046.0
2023-03-28,182.31,183.62,182.12,183.44,6202597.0
2023-03-29,182.49,183.27,182.24,182.53,4996493.0
2023-03-30,182.75,184.4401,182.55,184.18,6360296.0
2023-03-31,184.11,184.42,182.8,183.22,8003334.0
2023-04-03,183.85,185.035,183.32,184.54,9206635.0
2023-04-04,184.7224,188.23,184.66,187.98,13765361.0
2023-04-05,188.34,188.86,186.78,187.83,11440827.0
2023-04-06,186.8901,187.26,185.95,186.49,6648428.0
2023-04-10,185.18,185.36,184.19,185.11,6408114.0
2023-04-11,185.905,186.51,185.635,186.28,6031494.0
2023-04-12,187.54,187.66,185.97,187.19,10000948.0
2023-04-13,189.76,190.41,188.99,189.72,14060106.0
2023-04-14,188.08,188.4869,185.17,186.36,13272541.0
2023-04-17,185.89,185.93,184.1,185.53,7453033.0
2023-04-18,185.24,186.99,185.04,186.25,8056928.0
2023-04-19,184.3499,185.58,184.28,185.36,7373518.0
2023-04-20,186.14,187.03,185.78,186.09,5789908.0
2023-04-21,184.98,185.68,183.22,184.25,10698705.0
2023-04-24,184.07,185.025,183.46,184.81,8303396.0
2023-04-25,184.84,186.2204,184.3,185.75,8451933.0
2023-04-26,186.63,186.65,184.3,184.74,7922583.0
2023-04-27,183.9,184.989,183.38,184.75,9107425.0
2023-04-28,184.79,185.38,184.17,184.8,6700418.0
2023-05-01,186.05,186.22,183.91,183.97,7997658.0
2023-05-02,184.65,187.64,184.515,187.52,13554921.0
2023-05-03,187.61,189.205,186.93,189.11,11133826.0
2023-05-04,188.86,191.36,188.81,190.44,14146787.0
2023-05-05,186.56,187.58,185.77,187.46,12508113.0
2023-05-08,187.82,188.67,187.49,187.69,6075441.0
2023-05-09,188.12,189.33,188.07,189.02,7098810.0
2023-05-10,188.975,189.64,187.82,188.75,9392097.0
2023-05-11,188.44,188.81,186.86,187.13,8245523.0
2023-05-12,187.43,187.92,186.58,186.81,7087462.0
2023-05-15,187.3,187.88,187.032,187.21,5518086.0
2023-05-16,186.58,186.82,184.4601,184.87,9527806.0
2023-05-17,184.305,184.45,183.48,184.23,7474277.0
2023-05-18,182.1,182.28,181.335,181.84,8812591.0
2023-05-19,182.25,184.34,181.81,183.64,8434976.0
2023-05-22,183.22,183.84,182.91,183.21,4834298.0
2023-05-23,182.78,183.76,182.48,183.43,6345012.0
2023-05-24,183.54,183.54,181.77,181.95,6732940.0
2023-05-25,181.18,181.31,180.1,180.2,6919174.0
2023-05-26,181.01,181.3,180.09,180.92,5823674.0
2023-05-30,181.72,182.4,181.17,182.04,4906066.0
2023-05-31,182.39,183.445,182.1,182.32,8435540.0
2023-06-01,182.81,184.21,182.72,183.76,7300542.0
2023-06-02,183.53,183.56,180.96,181.05,8726111.0
2023-06-05,180.79,182.44,180.665,182.14,5748800.0
2023-06-06,182.36,182.65,181.52,182.34,4967156.0
2023-06-07,181.94,183.0,180.15,180.15,9066528.0
2023-06-08,182.0,183.04,181.96,182.53,6394890.0
2023-06-09,182.36,182.79,181.72,182.04,4380811.0
2023-06-12,181.8,181.94,181.04,181.88,4875450.0
2023-06-13,182.1,182.43,180.165,180.54,5126686.0
2023-06-14,181.69,181.96,180.14,180.64,6807003.0
2023-06-15,180.28,182.05,180.18,181.91,6739009.0
2023-06-16,181.925,182.618,181.41,181.63,8779096.0
2023-06-20,180.06,180.09,179.22,179.75,7586229.0
2023-06-21,179.15,179.95,178.19,179.49,6702339.0
2023-06-22,178.36,178.99,177.63,177.71,7948565.0
2023-06-23,179.6,179.95,178.09,178.2,5419784.0
2023-06-26,179.05,179.075,178.42,178.51,3222050.0
2023-06-27,179.07,179.29,177.43,177.69,5036916.0
2023-06-28,177.23,177.685,176.7,177.28,5866741.0
2023-06-29,175.83,177.63,175.79,177.09,6862511.0
2023-06-30,177.69,178.53,177.32,178.27,6420904.0
2023-07-03,178.61,179.34,178.46,178.47,4085711.0
2023-07-05,179.41,179.42,177.825,177.84,5652091.0
2023-07-06,177.51,177.8,176.66,177.31,5132954.0
2023-07-07,178.38,179.65,178.35,178.64,5201148.0
2023-07-10,178.37,178.92,178.2601,178.78,3320497.0
2023-07-11,179.43,179.71,179.13,179.45,2819610.0
2023-07-12,181.18,181.95,181.1,181.88,7062010.0
2023-07-13,181.96,182.15,181.49,182.01,4527900.0
2023-07-14,181.59,182.17,181.1101,181.43,5389968.0
2023-07-17,180.99,181.6307,180.64,181.56,4152919.0
2023-07-18,182.79,184.23,182.32,183.64,8242597.0
2023-07-19,183.45,183.835,182.87,183.67,3911565.0
2023-07-20,183.73,183.77,182.47,182.74,4972856.0
2023-07-21,182.06,182.46,181.68,182.18,3845361.0
2023-07-24,182.22,182.54,181.34,181.4,4370026.0
2023-07-25,181.72,182.47,181.1,182.41,4090149.0
2023-07-26,182.66,183.64,182.31,183.3,6158432.0
2023-07-27,181.64,181.64,180.32,180.42,7592752.0
2023-07-28,181.48,182.27,181.25,181.86,3829197.0
2023-07-31,182.43,183.09,182.31,182.35,5496890.0
2023-08-01,180.85,181.375,180.19,180.46,6289869.0
2023-08-02,180.57,180.79,179.41,179.6,6348266.0
2023-08-03,179.44,179.95,179.28,179.54,4638874.0
2023-08-04,180.25,180.77,179.85,180.19,5326191.0
2023-08-07,180.15,180.15,179.27,179.78,4510408.0
2023-08-08,178.64,179.33,178.46,178.64,6162879.0
2023-08-09,178.68,178.92,177.78,177.79,4643998.0
2023-08-10,178.22,178.7,177.54,177.6,5934598.0
2023-08-11,177.7,178.36,177.49,177.6,5289694.0
2023-08-14,176.86,177.58,176.5787,177.06,9554477.0
2023-08-15,176.75,177.43,176.33,176.59,7582703.0
2023-08-16,176.62,176.945,175.56,175.57,6559418.0
2023-08-17,176.53,176.56,174.93,175.3,7937672.0
2023-08-18,175.83,176.055,175.1,175.33,6253027.0
2023-08-21,175.9,175.94,174.96,175.81,4206360.0
2023-08-22,175.83,176.25,175.31,176.1,5892540.0
2023-08-23,177.32,178.22,177.07,177.89,7949056.0
2023-08-24,177.66,178.49,177.41,177.85,5526428.0
2023-08-25,177.58,178.38,176.63,177.62,6132927.0
2023-08-28,177.65,178.73,177.51,178.13,4740683.0
2023-08-29,178.03,179.88,177.9,179.87,7576640.0
2023-08-30,180.58,180.88,180.29,180.32,6593692.0
2023-08-31,180.37,180.49,179.94,180.02,4795626.0
2023-09-01,180.8,181.12,179.51,180.11,4970732.0
2023-09-05,179.33,179.4438,178.64,178.64,7056834.0
2023-09-06,178.33,179.01,177.7,177.83,6427224.0
2023-09-07,178.31,178.3701,177.9,178.02,3257213.0
2023-09-08,178.36,179.045,177.9,178.08,3293699.0
2023-09-11,178.97,179.07,178.261,178.41,3689085.0
2023-09-12,177.11,177.7,177.05,177.49,4445435.0
2023-09-13,177.53,177.75,177.035,177.08,3874788.0
2023-09-14,176.5,177.39,176.36,177.17,6184382.0
2023-09-15,178.55,179.105,178.34,178.34,5620888.0
2023-09-18,178.82,179.41,178.38,179.39,5049308.0
2023-09-19,179.54,179.65,179.03,179.22,4225102.0
2023-09-20,179.34,180.66,179.32,179.35,9330262.0
2023-09-21,177.86,178.485,177.69,178.05,7573300.0
2023-09-22,178.65,178.95,178.51,178.62,3637075.0
2023-09-25,178.41,178.71,177.64,177.7,5582074.0
2023-09-26,176.825,177.14,176.16,176.28,7181080.0
2023-09-27,175.27,175.32,173.7,174.1,10919579.0
2023-09-28,173.91,174.135,172.32,173.23,10061917.0
2023-09-29,173.92,174.03,171.265,171.45,10427383.0
2023-10-02,170.23,170.46,169.5,169.65,12706027.0
2023-10-03,169.14,170.08,168.745,169.16,11459840.0
2023-10-04,169.21,169.41,168.5,169.14,10034600.0
2023-10-05,168.74,169.0,168.3,168.83,6970219.0
2023-10-06,169.17,170.23,168.5,169.7,9948433.0
2023-10-09,171.18,172.86,171.075,172.82,10201547.0
2023-10-10,172.08,172.795,171.9,172.53,5843995.0
2023-10-11,173.6,174.125,173.26,173.79,7128002.0
2023-10-12,174.06,174.23,173.24,173.26,5912663.0
2023-10-13,176.8921,179.095,176.72,178.83,18802885.0
2023-10-16,177.84,178.33,177.535,177.96,8385428.0
2023-10-17,178.37,179.13,177.98,178.29,8231866.0
2023-10-18,180.894,182.02,179.75,180.87,13920793.0
2023-10-19,181.04,183.43,180.82,183.09,13406560.0
2023-10-20,183.43,185.23,183.09,183.59,12785667.0
2023-10-23,183.5099,183.56,182.705,182.97,9479805.0
2023-10-24,182.07,183.4,181.68,182.95,6593963.0
2023-10-25,183.42,184.2993,182.04,183.72,10087016.0
2023-10-26,183.4,184.49,182.87,184.01,7671406.0
2023-10-27,183.76,186.36,183.47,186.15,14102828.0
2023-10-30,185.54,185.7,184.73,185.1,8756405.0
2023-10-31,185.08,186.21,183.495,184.09,10104569.0
2023-11-01,183.91,185.0,182.67,183.51,9048562.0
2023-11-02,184.13,184.28,183.5,184.12,7343699.0
2023-11-03,184.48,185.47,184.35,184.79,8530399.0
2023-11-06,184.14,184.23,183.34,183.35,8274666.0
2023-11-07,182.25,182.65,181.75,182.59,6795795.0
2023-11-08,182.01,182.065,180.5699,180.77,6738304.0
2023-11-09,180.98,182.28,180.89,181.49,6486286.0
2023-11-10,180.51,180.585,179.245,179.51,7611618.0
2023-11-13,179.4,180.73,179.11,180.51,5385908.0
2023-11-14,181.7,182.75,181.62,182.12,6831639.0
2023-11-15,182.03,182.18,181.31,181.64,4909399.0
2023-11-16,182.8457,184.32,182.8,183.69,8253348.0
2023-11-17,183.96,184.125,183.45,183.67,4871297.0
2023-11-20,182.32,183.48,182.225,183.37,5393464.0
2023-11-21,185.57,186.115,185.065,185.35,7322379.0
2023-11-22,185.47,185.72,184.2715,184.56,4338209.0
2023-11-24,185.47,185.75,185.16,185.52,2445058.0
2023-11-27,186.56,186.8,185.93,186.77,6320420.0
2023-11-28,187.9,189.4,187.52,189.26,10901890.0
2023-11-29,189.16,189.99,189.02,189.54,8407253.0
2023-11-30,188.89,189.24,188.28,188.75,7558123.0
2023-12-01,188.805,192.395,188.685,192.01,16727571.0
2023-12-04,189.599,190.38,187.26,187.86,18460544.0
2023-12-05,187.5501,187.88,186.3,187.15,7027722.0
2023-12-06,188.32,188.46,187.5,187.84,5729710.0
2023-12-07,188.45,188.59,187.26,188.15,5802025.0
2023-12-08,185.93,186.78,184.9,185.64,7883204.0
2023-12-11,184.5,184.53,183.1513,183.59,8519527.0
2023-12-12,183.844,183.98,183.26,183.49,5056911.0
2023-12-13,183.82,187.66,183.38,187.63,10635500.0
2023-12-14,188.8649,189.82,188.08,188.73,9107157.0
2023-12-15,188.52,188.96,186.82,187.0,8324824.0
2023-12-18,187.5,188.49,187.24,187.85,5357987.0
2023-12-19,188.23,189.7239,188.13,189.13,6003955.0
2023-12-20,188.69,188.96,188.085,188.1,6002395.0
2023-12-21,189.21,189.62,188.75,189.43,4619995.0
2023-12-22,191.6,191.88,190.07,190.27,7176292.0
2023-12-26,190.97,191.74,190.4,191.72,4502664.0
2023-12-27,191.77,193.1823,191.54,192.59,5726866.0
2023-12-28,192.34,192.89,191.44,191.47,6171506.0
2023-12-29,190.99,191.64,190.74,191.17,4612349.0
2024-01-02,191.44,191.89,190.5,190.72,6025646.0
2024-01-03,188.77,189.86,188.16,189.13,8661568.0
2024-01-04,189.08,189.75,188.69,189.32,4416743.0
2024-01-05,189.68,191.26,189.08,189.35,7421774.0
2024-01-08,187.21,188.74,187.11,187.87,6214968.0
2024-01-09,188.68,188.78,187.73,187.93,4437269.0
2024-01-10,188.14,188.44,187.205,187.5,4504726.0
2024-01-11,188.02,188.55,186.56,187.87,6831086.0
2024-01-12,190.67,191.08,189.16,189.71,6833678.0
2024-01-16,189.15,189.26,187.54,187.91,6548068.0
2024-01-17,187.31,187.42,185.45,185.84,8643163.0
2024-01-18,186.36,187.4,186.3,187.37,4685239.0
2024-01-19,188.26,188.3,187.44,187.93,5719650.0
2024-01-22,187.23,187.7601,186.85,187.22,4397522.0
2024-01-23,187.45,188.15,187.28,187.95,5040771.0
2024-01-24,188.33,188.37,186.32,186.4,5935310.0
2024-01-25,187.34,187.64,186.46,187.14,4651026.0
2024-01-26,187.27,187.38,186.76,187.01,5064774.0
2024-01-29,188.31,188.54,187.1899,188.33,5629695.0
2024-01-30,189.7,189.83,187.975,188.59,4976467.0
2024-01-31,189.37,190.46,188.13,188.45,7886115.0
2024-02-01,189.71,191.36,188.99,190.41,10278129.0
2024-02-02,188.07,188.87,187.85,188.61,7337573.0
2024-02-05,186.875,187.82,186.7,187.57,5436062.0
2024-02-06,187.94,188.854,187.742,188.55,4866122.0
2024-02-07,188.45,189.39,188.28,188.5,6276879.0
2024-02-08,187.91,188.5298,187.8199,188.33,3873445.0
2024-02-09,187.56,187.77,187.14,187.6,4412654.0
2024-02-12,186.6,187.27,186.36,187.11,4706253.0
2024-02-13,185.35,185.38,184.33,184.53,9525794.0
2024-02-14,184.27,184.88,183.78,184.42,7031562.0
2024-02-15,185.6,186.02,185.095,185.66,6228859.0
2024-02-16,185.076,186.67,184.835,186.34,6518526.0
2024-02-20,187.96,188.03,187.4,187.47,5531152.0
2024-02-21,187.88,188.04,187.1,187.48,5789951.0
2024-02-22,187.56,187.64,187.05,187.56,4550823.0
2024-02-23,187.56,189.18,187.46,188.62,6827271.0
2024-02-26,187.79,188.36,187.53,188.2,4491937.0
2024-02-27,188.58,188.72,187.88,188.0,5165376.0
2024-02-28,188.34,188.52,188.0301,188.34,2824131.0
2024-02-29,189.64,189.918,189.23,189.31,6848639.0
2024-03-01,190.27,193.4,189.44,192.89,13410997.0
2024-03-04,194.15,196.3299,193.88,196.01,12216341.0
2024-03-05,197.44,198.14,196.65,197.19,9672210.0
2024-03-06,198.08,199.3,197.44,198.81,10459292.0
2024-03-07,199.54,200.11,198.91,199.94,8403737.0
2024-03-08,200.89,203.3,200.4459,201.63,13540110.0
2024-03-11,201.71,202.41,201.46,202.0,7136184.0
2024-03-12,200.42,200.6277,199.16,199.79,9362953.0
2024-03-13,200.44,201.86,200.35,201.19,5625501.0
2024-03-14,200.37,200.47,199.34,200.35,6845201.0
2024-03-15,199.94,200.634,199.57,199.71,4556710.0
2024-03-18,199.66,200.145,199.51,200.03,7206823.0
2024-03-19,199.62,199.81,198.935,199.8,4657527.0
2024-03-20,199.16,202.66,199.12,202.18,9593754.0
2024-03-21,203.88,203.92,200.6,201.97,7396540.0
2024-03-22,201.32,201.86,199.715,200.35,6918508.0
2024-03-25,201.19,201.95,200.965,200.99,4034750.0
2024-03-26,202.65,202.76,201.07,201.64,5752677.0
2024-03-27,202.32,203.22,202.32,203.1,6040980.0
2024-03-28,204.54,206.05,203.87,205.72,9194473.0
2024-04-01,208.68,208.73,206.29,207.82,13455629.0
2024-04-02,209.07,211.03,208.36,210.89,13312934.0
2024-04-03,210.57,212.83,210.3,212.74,10537858.0
2024-04-04,212.0,213.45,211.02,211.52,12212708.0
2024-04-05,212.49,215.74,212.22,215.14,13257073.0
2024-04-08,215.98,216.81,214.61,216.48,10271169.0
2024-04-09,217.81,218.86,216.45,217.67,13007514.0
2024-04-10,215.37,217.78,214.68,215.61,13317492.0
2024-04-11,216.85,219.84,215.89,219.8,11415224.0
2024-04-12,221.87,225.09,216.02,216.89,30898775.0
2024-04-15,217.94,221.03,215.16,220.95,13238952.0
2024-04-16,220.18,221.99,218.78,221.22,10746123.0
2024-04-17,221.05,221.76,218.52,219.59,11521054.0
2024-04-18,221.31,221.4599,219.312,220.34,6496885.0
2024-04-19,220.49,222.36,220.08,221.03,8688967.0
2024-04-22,216.35,216.9578,215.14,215.57,13404253.0
2024-04-23,213.96,215.86,213.87,215.04,10730332.0
2024-04-24,214.76,216.35,214.36,214.64,5741072.0
2024-04-25,214.47,217.05,214.3357,215.92,6606512.0
2024-04-26,216.77,217.0676,215.53,216.62,6268504.0
2024-04-29,216.02,217.215,215.25,216.18,6409870.0
2024-04-30,213.38,214.1271,211.8,211.87,11248615.0
2024-05-01,212.96,215.5,212.41,213.79,10373880.0
2024-05-02,211.9,213.705,211.49,213.13,6286967.0
2024-05-03,212.89,213.225,210.71,212.96,8679910.0
2024-05-06,215.14,215.91,214.47,215.2,6840477.0
2024-05-07,214.52,214.93,213.88,214.21,5660735.0
2024-05-08,213.62,214.8,213.5,213.58,4462736.0
2024-05-09,214.48,216.95,214.44,216.95,7732469.0
2024-05-10,219.22,219.6,218.08,218.71,8700917.0
2024-05-13,217.06,217.31,215.8,216.26,4896343.0
2024-05-14,217.31,218.3795,216.98,218.09,4662679.0
2024-05-15,219.06,221.19,217.65,220.89,9297715.0
2024-05-16,220.14,220.585,219.41,220.03,4301652.0
2024-05-17,222.18,223.8501,221.67,223.66,10481937.0
2024-05-20,223.79,225.66,223.02,224.56,5990860.0
2024-05-21,224.77,225.21,223.7,224.23,4002615.0
2024-05-22,223.09,223.24,219.7407,220.11,8903115.0
2024-05-23,218.78,219.23,215.66,215.72,9537911.0
2024-05-24,216.96,217.21,215.74,215.92,4212379.0
2024-05-28,218.43,218.59,217.21,218.19,3809677.0
2024-05-29,216.92,217.16,216.12,216.16,4184972.0
2024-05-30,216.69,217.51,216.41,216.57,3071290.0
2024-05-31,217.77,217.96,214.65,215.3,5617183.0
2024-06-03,215.92,217.82,215.54,217.22,6172606.0
2024-06-04,216.24,216.24,214.2,215.27,5509361.0
2024-06-05,216.69,218.0795,215.93,217.82,5479226.0
2024-06-06,218.36,219.97,218.1,219.43,5283914.0
2024-06-07,215.07,215.19,211.54,211.6,12195073.0
2024-06-10,213.13,214.02,212.76,213.54,4219641.0
2024-06-11,213.95,214.38,213.24,214.15,4004085.0
2024-06-12,216.47,216.55,214.2,214.72,5911883.0
2024-06-13,214.44,214.96,212.26,212.97,5861099.0
2024-06-14,215.34,216.04,214.98,215.73,7076496.0
2024-06-17,214.9,215.24,213.6,214.61,3877671.0
2024-06-18,214.38,215.83,214.04,215.47,4921415.0
2024-06-20,216.32,218.7413,216.15,218.16,7290516.0
2024-06-21,217.83,217.9,214.255,214.78,8935399.0
2024-06-24,215.55,215.94,215.2,215.63,4626923.0
2024-06-25,214.96,215.31,214.12,214.56,3847694.0
2024-06-26,212.39,213.11,212.1204,212.58,4690348.0
2024-06-27,214.71,215.5,214.45,214.99,4977837.0
2024-06-28,215.64,215.8148,214.82,215.01,3955080.0
2024-07-01,215.25,216.0,214.485,215.57,3797921.0
2024-07-02,215.33,216.08,214.6204,215.56,4921672.0
2024-07-03,217.34,218.7397,217.33,217.99,5055313.0
2024-07-05,219.58,221.28,219.58,220.93,5950550.0
2024-07-08,219.64,220.04,217.41,218.19,5790811.0
2024-07-09,218.57,219.29,217.265,218.56,3904495.0
2024-07-10,220.14,220.71,219.16,219.36,5556185.0
2024-07-11,222.65,224.1489,221.48,223.25,9323981.0
2024-07-12,222.03,223.62,221.86,223.11,5179297.0
2024-07-15,223.39,225.59,223.02,223.83,5719339.0
2024-07-16,225.45,228.29,225.3,228.29,11070663.0
2024-07-17,228.79,229.65,226.67,227.23,8620511.0
2024-07-18,227.71,228.32,225.57,225.78,5485459.0
2024-07-19,221.52,222.68,221.41,221.73,8665956.0
2024-07-22,221.58,221.92,220.4,221.8,5334060.0
2024-07-23,222.34,222.75,221.86,222.58,4435700.0
2024-07-24,223.47,224.88,221.74,221.8,6838783.0
2024-07-25,219.02,219.2607,217.52,218.33,9777054.0
2024-07-26,219.96,221.04,219.7,220.63,6328784.0
2024-07-29,221.26,221.55,219.045,220.32,4665057.0
2024-07-30,221.41,222.92,220.355,222.52,4939531.0
2024-07-31,223.73,226.6,223.64,226.55,7316552.0
2024-08-01,226.74,227.57,225.05,225.77,7217224.0
2024-08-02,227.95,228.76,222.865,225.34,11109387.0
2024-08-05,220.56,223.1,220.241,222.48,8939011.0
2024-08-06,221.5,222.14,220.11,220.7,14362267.0
2024-08-07,221.94,222.31,220.35,220.55,5287817.0
2024-08-08,222.73,224.25,222.515,224.01,6327054.0
2024-08-09,224.82,225.28,223.82,224.56,4441017.0
2024-08-12,226.14,228.535,225.965,228.41,5561259.0
2024-08-13,228.07,228.87,227.59,228.06,6740238.0
2024-08-14,226.55,227.48,225.35,226.2,5462495.0
2024-08-15,226.51,227.5,225.12,226.91,5273310.0
2024-08-16,229.99,232.02,229.005,231.99,11924536.0
2024-08-19,230.15,231.78,229.74,231.61,5164817.0
2024-08-20,233.71,234.01,231.13,232.46,9073611.0
2024-08-21,231.69,232.87,230.48,232.15,5337388.0
2024-08-22,230.35,230.38,228.26,229.37,5765369.0
2024-08-23,231.04,232.73,230.5199,232.02,5418171.0
2024-08-26,233.45,233.5,232.06,232.76,3151384.0
2024-08-27,231.69,233.47,231.5701,233.39,4435606.0
2024-08-28,232.0,232.02,230.73,231.75,4961482.0
2024-08-29,231.95,233.61,231.92,232.95,5524161.0
2024-08-30,232.53,232.86,230.5501,231.29,5742963.0
2024-09-03,230.38,230.54,228.52,230.29,6417918.0
2024-09-04,229.79,231.06,229.375,230.43,4628694.0
2024-09-05,232.72,232.89,231.33,232.35,4838112.0
2024-09-06,231.83,232.76,229.62,230.63,6315824.0
2024-09-09,231.26,231.62,230.39,231.6,3548806.0
2024-09-10,232.39,232.74,231.12,232.62,4378349.0
2024-09-11,231.72,232.87,231.09,232.25,4637312.0
2024-09-12,234.63,236.45,234.42,236.33,9944986.0
2024-09-13,238.13,238.98,237.7575,238.68,7455078.0
2024-09-16,238.73,239.278,238.05,238.66,4713541.0
2024-09-17,238.08,238.6,236.61,237.34,5257119.0
2024-09-18,238.19,240.2896,235.3,235.51,11081114.0
2024-09-19,238.24,239.515,237.39,239.17,6108226.0
2024-09-20,241.11,242.625,240.47,242.21,7737416.0
2024-09-23,242.97,243.46,242.585,242.68,5426166.0
2024-09-24,243.39,246.19,243.15,246.07,8386348.0
2024-09-25,246.19,246.47,244.79,245.73,7393448.0
2024-09-26,246.44,247.37,245.19,246.98,7041063.0
2024-09-27,246.31,246.75,244.19,245.02,8329633.0
2024-09-30,243.97,244.08,242.5,243.06,6919352.0
2024-10-01,245.2,246.98,245.06,245.61,10605494.0
2024-10-02,245.61,246.07,243.99,245.66,6798783.0
2024-10-03,244.72,245.91,243.69,245.49,5674503.0
2024-10-04,245.0,246.69,244.045,245.0,5951628.0
2024-10-07,244.58,244.82,243.81,244.17,3849026.0
2024-10-08,243.79,244.04,240.63,242.37,7669807.0
2024-10-09,241.16,241.84,240.64,241.05,4120486.0
2024-10-10,241.77,243.02,241.5101,242.82,4792690.0
2024-10-11,244.5,245.92,244.47,245.47,5789546.0
2024-10-14,245.16,245.86,244.26,245.07,3922892.0
2024-10-15,244.99,246.55,244.53,245.92,5640831.0
2024-10-16,247.62,248.09,246.36,247.15,5431939.0
2024-10-17,247.75,249.06,247.62,248.63,5176170.0
2024-10-18,250.0,251.37,249.9,251.27,7833614.0
2024-10-21,252.74,253.14,250.73,251.22,9258590.0
2024-10-22,253.06,253.94,252.52,253.93,5756321.0
2024-10-23,253.08,253.18,250.2,250.87,7899995.0
